candidate_key,source_row_sha256,primary_decision,primary_proposed_record_type,primary_reason_code,primary_reason,primary_reviewer,batch_id,retained_candidate_key
PMID:34460419,92449ebd54ab74a0467677d4841ee2b824a5b202ea7ce0fbf807e5fdcf750ca3,include_applied_seed,applied_seed,I_APPLIED_TRANSFERABLE_DESIGN,The study uses serological testing of febrile patients to quantify chikungunya infections missed by routine regional reporting.,codex-sol-high-wave2-primary-008,W02-BATCH-008,
PMID:34467805,ff65481bcc4ee356b39367b0a482cc329472e3e1a5e847505a574673db56f52b,include_applied_seed,applied_seed,I_APPLIED_TRANSFERABLE_DESIGN,The study evaluates oral prescription opioid use and opioid-use diagnoses as indicators for targeting HCV testing and improving surveillance.,codex-sol-high-wave2-primary-008,W02-BATCH-008,
PMID:34481966,bb7c8745ebe4f318bacdac074fc9811cf071dfad37aeae49252c7474eea162cb,include_applied_seed,applied_seed,I_APPLIED_TRANSFERABLE_DESIGN,The population-based serosurvey adjusts for sampling structure and test performance to estimate SARS-CoV-2 burden and infection fatality ratios.,codex-sol-high-wave2-primary-008,W02-BATCH-008,
PMID:34493244,490d342af728dd820409389871e3855248fd949f70ee10bf0ca68b1674b5814d,include_applied_seed,applied_seed,I_APPLIED_TRANSFERABLE_DESIGN,The interrupted time-series analysis compares observed STI notifications with counterfactual expected counts to assess pandemic-related underdiagnosis and underreporting.,codex-sol-high-wave2-primary-008,W02-BATCH-008,
PMID:34507237,5676990bac70511b97a8e73fbf9d5f6979ccc09238f2a7fd36ef8db99d0a6e10,include_diagnostic_or_correction_lead,guidance,I_DIAGNOSTIC_CORRECTION,The scoping review synthesizes behavioral and organizational causes of livestock-disease underreporting and prescribes principles for improving passive surveillance.,codex-sol-high-wave2-primary-008,W02-BATCH-008,
PMID:34508447,8f1466a1afa1f996f8ad8577dd8871726ea2810ae54dfa6dfe0fd513f9d2b169,exclude,,X_COMMENTARY_ONLY,The article briefly describes olfactory dysfunction as a COVID-19 marker without developing or evaluating a measurement or surveillance method.,codex-sol-high-wave2-primary-008,W02-BATCH-008,
PMID:34517150,fbfc20337b8ac13c26029f80aacfbc980b39d8e2feb670387d517d08d446923b,include_diagnostic_or_correction_lead,guidance,I_DIAGNOSTIC_CORRECTION,"The subcommittee report identifies diagnostic and surveillance deficiencies for ehrlichiosis and anaplasmosis and recommends active clinical, vector, and electronic-record surveillance.",codex-sol-high-wave2-primary-008,W02-BATCH-008,
PMID:34528099,e298251aac6b82887f9b1be70c5ea34faf0d904906a0ac4557ffe6d852864123,include_applied_seed,applied_seed,I_APPLIED_TRANSFERABLE_DESIGN,"The study combines diagnostic testing, viral sequencing, and phylogenetic inference to characterize dengue circulation hidden by low routine incidence reports.",codex-sol-high-wave2-primary-008,W02-BATCH-008,
PMID:34534214,fc443c7e1aa398cecaa97c68eec454c03001ce6c3014abc2ac9308b4d12855fe,include_applied_seed,applied_seed,I_APPLIED_TRANSFERABLE_DESIGN,The linked incarceration and mortality cohort provides a transferable design for estimating underreported communicable-disease mortality during and after detention.,codex-sol-high-wave2-primary-008,W02-BATCH-008,
PMID:34540736,8019ef8919140a22cbf06919e20045e79fdbe9d6bf31dd443bd00d0e5befbfb9,include_applied_seed,applied_seed,I_APPLIED_TRANSFERABLE_DESIGN,The systematic review uses random-effects meta-analysis to synthesize STI and unprotected-sex prevalence in an underreported population.,codex-sol-high-wave2-primary-008,W02-BATCH-008,
PMID:34561139,711e6173911373ae5cc74db8639022610a9a781710dd4abd9202711cc4851271,include_method_source_lead,method_source,I_METHOD_SOURCE,The study evaluates a self-controlled tree-temporal scan method for detecting predefined and unexpected clusters of adverse events after vaccination.,codex-sol-high-wave2-primary-008,W02-BATCH-008,
PMID:34565231,db45332a85db29c8b3624515776c55efd307eef52537043c1cfc0e1ce1fc164c,include_applied_seed,applied_seed,I_APPLIED_TRANSFERABLE_DESIGN,"The study compares oral, genital, and rectal chlamydia testing to demonstrate infections missed by genital-only screening.",codex-sol-high-wave2-primary-008,W02-BATCH-008,
PMID:34582445,46ef89a546c9dfe68a784c34ae896c9c7fa8318687750ff93e027dd6f35a3f98,exclude,,X_DESCRIPTIVE_ONLY,"The baseline cross-sectional analysis reports standard regression associations with HIV, HSV-2, pregnancy, and sexual activity without a reusable measurement or modeling contribution.",codex-sol-high-wave2-primary-008,W02-BATCH-008,
PMID:34594620,4434ee59aa55056ee7841e1a724df13888db7aa62b85fc79a24e2c3006618275,include_applied_seed,applied_seed,I_APPLIED_TRANSFERABLE_DESIGN,The facility survey estimates pulmonary tuberculosis underreporting to the national system and identifies patient and facility groups with elevated omission rates.,codex-sol-high-wave2-primary-008,W02-BATCH-008,
PMID:34605172,51fd87c7c51be61bdfe960b842ce90bb4d56f3d17f95e618e0b39c3f6073bee9,include_applied_seed,applied_seed,I_APPLIED_TRANSFERABLE_DESIGN,The paired prospective and retrospective analyses compare RSV with influenza and quantify diagnoses missed or omitted from adult hospital records.,codex-sol-high-wave2-primary-008,W02-BATCH-008,
PMID:34607871,862fc808c04883ac130aec07abb579bc4f6a5268a27e27c389bc440409efffeb,exclude,,X_DESCRIPTIVE_ONLY,The study tabulates spontaneous adverse-drug-reaction reports and their suspected drugs without evaluating a transferable surveillance or correction method.,codex-sol-high-wave2-primary-008,W02-BATCH-008,
PMID:34609959,e80d8e9c8560d4ec82aa3c6a5de6f3e4d51155f674a68fffec3c0c12165618df,include_applied_seed,applied_seed,I_APPLIED_TRANSFERABLE_DESIGN,The national tuberculosis cohort audits completeness of HIV testing fields and relates missing testing or recording to treatment outcomes.,codex-sol-high-wave2-primary-008,W02-BATCH-008,
PMID:34610940,4bf196cadb3ab3aa56c7e350e16c2651c1d164d32daed2fab762d3b292e806d5,include_applied_seed,applied_seed,I_APPLIED_TRANSFERABLE_DESIGN,The study combines representative infection surveys with reported deaths and excess-mortality adjustments to estimate context-specific COVID-19 fatality rates.,codex-sol-high-wave2-primary-008,W02-BATCH-008,
PMID:34618660,61b1852519e3aec5c8b671536d1cea316da78fe051fcbe9b3628870043ea6a11,include_applied_seed,applied_seed,I_APPLIED_TRANSFERABLE_DESIGN,The analysis compares laboratory-surveillance isolates with incidence-based expected case counts to estimate pneumococcal surveillance capture across six countries.,codex-sol-high-wave2-primary-008,W02-BATCH-008,
PMID:34627201,78fdf1a224682b9417253142aa993821b70af70f08d82ad84c22b57a02c2aa28,include_applied_seed,applied_seed,I_APPLIED_TRANSFERABLE_DESIGN,The study validates cross-sectional telephone surveys against clinician reports and Google Trends as an alternative source for influenza dynamics and reporting rates.,codex-sol-high-wave2-primary-008,W02-BATCH-008,
PMID:34650062,9571ba38d8d0722ae4577d1f42e4d035935cfc4b122e5e457adfa02770ee0661,include_method_source_lead,method_source,I_METHOD_SOURCE,"The paper develops GInPipe, validates genome-only incidence reconstruction against simulated outbreaks and phylodynamic analyses, and demonstrates its surveillance use.",codex-sol-high-wave2-primary-008,W02-BATCH-008,
PMID:34657633,0c0287846ed6af98db75cda9e6ec135b3cfb73770ec8bd733036507d9e9fd7ca,exclude,,X_COMMENTARY_ONLY,The letter discusses concurrent Zika and COVID-19 threats and offers general control recommendations without substantive method content.,codex-sol-high-wave2-primary-008,W02-BATCH-008,
PMID:34662033,5421d36a8ae8715d8194b7e27aad77a512ca55f9a17bcf029e4d0957a919e269,exclude,,X_WRONG_RECORD_TYPE,"The study guide provides a general history of mpox and mentions suspected underreporting without research, methodological guidance, or surveillance evaluation.",codex-sol-high-wave2-primary-008,W02-BATCH-008,
PMID:34668559,04049a4e7d6d79ea836939deaf8e8eba6da698e4a265f79fee7303f17defdea3,exclude,,X_COMMENTARY_ONLY,"The article discusses programmatic barriers to cholera vaccination without presenting a substantive estimator, evaluation design, or surveillance method.",codex-cli-task5-scope-reader-a-019f81c8-3afa-76c1-ae6c-639363a3a3d4,W02-BATCH-008,
PMID:34669777,a3da0e9947147ff54b83ce9a4887bcf35dc9653b2185e34e12ca25aeb2af6be9,include_applied_seed,applied_seed,I_APPLIED_TRANSFERABLE_DESIGN,The study applies a semi-Bayesian bias correction for incomplete testing and imperfect accuracy to estimate state-level COVID-19 prevalence.,codex-sol-high-wave2-primary-008,W02-BATCH-008,
PMID:34678985,b99d0390f58918b94938e09666802ea8e597d94309ab8bfc6306ce027f75fea4,include_method_source_lead,method_source,I_METHOD_SOURCE,"The systematic review assesses digital and open-data methods for underreported food-toxin risk analysis, a framework transferable to foodborne infectious-outbreak surveillance.",codex-sol-high-wave2-primary-008,W02-BATCH-008,
PMID:34696301,7c0034dc73c10464898fdfbd6b920e3e3e98a0d8e0cfea7b17183618e9627184,include_applied_seed,applied_seed,I_APPLIED_TRANSFERABLE_DESIGN,The age- and sex-stratified serosurvey compares measured hepatitis A immunity with vaccination histories to identify probable unrecorded infection or vaccination.,codex-sol-high-wave2-primary-008,W02-BATCH-008,
PMID:34703874,5ce41272e2900477ba659d23b6cfb2adc64374042efbc140bd19601163ba54f6,include_method_source_lead,method_source,I_METHOD_SOURCE,The randomized comparison quantifies the relative sensitivity and representativeness of facility-only versus facility-plus-household One Health surveillance.,codex-sol-high-wave2-primary-008,W02-BATCH-008,
PMID:34709861,9304dbf672d7faf453cc737102d7791078a70daf491dc91c8cb783f75d479c46,exclude,,X_COMMENTARY_ONLY,The article narrates community mobilization and advocacy for Latino communities without evaluating a transferable epidemiologic method.,codex-sol-high-wave2-primary-008,W02-BATCH-008,
PMID:34711190,a19a0e4d53ad37ee7a272b191a50dbe55d113f301deeedbe342232a4d4539ba8,include_simulation_or_mechanistic_lead,method_source,I_SIMULATION_MECHANISTIC,The study develops hospitalization- and death-based underreporting estimators and uses an SEIR model to assess resulting changes in vaccination-strategy projections.,codex-sol-high-wave2-primary-008,W02-BATCH-008,
PMID:34713915,a3be4b8cc94609524cf3776fa98b03d7bb97fb031094517516e8a7e2ec0ecb8d,exclude,,X_COMMENTARY_ONLY,The article discusses norovirus control priorities during COVID-19 without developing or evaluating a surveillance or transmission method.,codex-sol-high-wave2-primary-008,W02-BATCH-008,
PMID:34764148,f07aec17306b392429ab55abc9e916cda661bfc9625716a67c7f7836d041eed9,include_applied_seed,applied_seed,I_APPLIED_TRANSFERABLE_DESIGN,The nationally representative age-stratified serosurvey uses probability sampling and weights to quantify SARS-CoV-2 infections missed by reported cases.,codex-sol-high-wave2-primary-008,W02-BATCH-008,
PMID:34766537,15a5e9f3527739edd0b38d174282886968899c481d19da77a799069aa70105ef,include_method_source_lead,method_source,I_METHOD_SOURCE,"The study validates self-reported marijuana use against urinalysis, a measurement design transferable to validating self-reported behaviors that affect infectious-disease risk.",codex-sol-high-wave2-primary-008,W02-BATCH-008,
PMID:34785530,570fbcdce94d47b7613d106a57401599415d560d822e91b6b97cb9d1c3e083a4,include_simulation_or_mechanistic_lead,applied_seed,I_SIMULATION_MECHANISTIC,"The microsimulation represents lifetime Lyme disease infection, diagnosis, sequelae, and quality-adjusted survival to estimate population burden.",codex-sol-high-wave2-primary-008,W02-BATCH-008,
PMID:34810001,5f8a1018af57be3cdb56f3ccefb209d637d571fc173bc10a3a2586ec55a9d443,include_applied_seed,applied_seed,I_APPLIED_TRANSFERABLE_DESIGN,The study links laboratory surveillance with administrative encounters to capture possible invasive pneumococcal disease omitted from confirmed-case surveillance.,codex-sol-high-wave2-primary-008,W02-BATCH-008,
PMID:34816184,0f7778b2050fb442ba2f035d92a2ab350ce62dd5fa640c260c4d4bba95f1ef28,exclude,,X_NOT_INFECTIOUS_TRANSFERABLE,The retracted narrative concerns intimate partner violence during pandemic restrictions and supplies no concrete infectious-disease measurement transfer route.,codex-sol-high-wave2-primary-008,W02-BATCH-008,
PMID:34863616,01af5a960d98ffacade01167c5db2a34f8ce1515c557f7c495ec2e875a07a768,include_method_source_lead,method_source,I_METHOD_SOURCE,"The study validates maternal vaccination recall against home-based cards using agreement, sensitivity, specificity, and predictors of recall bias.",codex-sol-high-wave2-primary-008,W02-BATCH-008,
PMID:34870853,958f4bac0e4327f32ea5ecd627509edca0e02a2e7a7f174f202d0b7ab4df642b,include_applied_seed,applied_seed,I_APPLIED_TRANSFERABLE_DESIGN,The systematic review synthesizes reported pediatric lichen planus after vaccination as a vaccine-safety evidence assessment.,codex-sol-high-wave2-primary-008,W02-BATCH-008,
PMID:34875468,9f1ca75a6cad8acf4400f7105a5708f3ed9629eb71c05e90b8b80f9e6babb536,include_applied_seed,applied_seed,I_APPLIED_TRANSFERABLE_DESIGN,The comparative qualitative study constructs organizational models explaining contrasting livestock-disease reporting rates and information flows.,codex-sol-high-wave2-primary-008,W02-BATCH-008,
PMID:34877641,8654a37b98b731b9ef5b4b1affab97efd6e7565b23621e1609133a99b9334246,include_simulation_or_mechanistic_lead,applied_seed,I_SIMULATION_MECHANISTIC,"The dynamic transmission and economic model projects cases, deaths, sequelae, costs, and quality-adjusted survival under infant meningococcal vaccination.",codex-sol-high-wave2-primary-008,W02-BATCH-008,
PMID:34881214,a1fcc10ad991b0bf1ec9bdd4587dc287f7b29067f78a99487817d20328c423f3,include_diagnostic_or_correction_lead,guidance,I_DIAGNOSTIC_CORRECTION,"The report extracts operational lessons for building field-epidemiology capacity, surveillance, contact tracing, and outbreak response in conflict settings.",codex-sol-high-wave2-primary-008,W02-BATCH-008,
PMID:34895517,6139146fdddfe917d526b727f61ebdad8cbedd2e9ab0d9183fdf3c709f9345f1,include_simulation_or_mechanistic_lead,applied_seed,I_SIMULATION_MECHANISTIC,"The calibrated natural-history model estimates pediatric tuberculosis incidence and age-, country-, and year-specific case-detection ratios across 185 countries.",codex-sol-high-wave2-primary-008,W02-BATCH-008,
PMID:34898817,7e951849367229f6c98709bc8541811ef7099dbaaa3a468bf15261f8627bbb05,include_method_source_lead,method_source,I_METHOD_SOURCE,The paper develops a hierarchical N-mixture disease-dynamics model with binomial thinning and compares maximum-likelihood and Bayesian fitting approaches.,codex-sol-high-wave2-primary-008,W02-BATCH-008,
PMID:34905457,59d8db9d6299a3be32ed955db1b7bdcf0c5f03a4c4575a7ae3328ceb3f24aeee,include_method_source_lead,method_source,I_METHOD_SOURCE,Cognitive interviews evaluate comprehension and social-desirability limitations of transactional-sex questions intended to measure an important HIV risk exposure.,codex-sol-high-wave2-primary-008,W02-BATCH-008,
PMID:34924014,8456bb5bf7413aafa5c303aaf8766a420bea95f7b39a90457dadcb26bd6ee64f,include_applied_seed,applied_seed,I_APPLIED_TRANSFERABLE_DESIGN,The study compares laboratory syndromic surveillance with traditional notifications to detect co-circulating arboviruses and surveillance misclassification.,codex-sol-high-wave2-primary-008,W02-BATCH-008,
PMID:34934545,7015815706da6b77adf897fa857c54f61eb814a7abebf00904b8cc7f93ab488d,exclude,,X_WRONG_RECORD_TYPE,The single dengue pancreatitis case report adds clinical description but no transferable epidemiologic or surveillance method.,codex-sol-high-wave2-primary-008,W02-BATCH-008,
PMID:34941341,08782e62809864d517af740a2b9762e59808de8fc05b1f4843b82c3b7e03c450,include_method_source_lead,method_source,I_METHOD_SOURCE,The study validates single-item trauma questions against behaviorally specific violence measures among people entering HIV care and quantifies resulting underclassification.,codex-sol-high-wave2-primary-008,W02-BATCH-008,
PMID:34941968,a5b9533302eeffe51e166a259c206435c9fcab826347d1c8751148bb82e81b02,include_applied_seed,applied_seed,I_APPLIED_TRANSFERABLE_DESIGN,The community serosurvey contrasts measured SARS-CoV-2 antibody prevalence with reported cases and uses the estimate to calculate infection fatality.,codex-sol-high-wave2-primary-008,W02-BATCH-008,
PMID:35017792,237a482d722788cacfa34a54f9861c6587b46b2e1c3e1b2cf9a5999b3698a112,include_method_source_lead,method_source,I_METHOD_SOURCE,The paper evaluates Gaussian-process regularization and time-varying compartmental parameters as strategies for stabilizing epidemic forecasts from uncertain data.,codex-sol-high-wave2-primary-008,W02-BATCH-008,
PMID:35024047,4fe7108a85dcfbfa0e7ff943ccd399eed0c7314fc258d2077a45a81cc3ca1a77,include_simulation_or_mechanistic_lead,method_source,I_SIMULATION_MECHANISTIC,The study proposes a time-dependent susceptible-infected-recovered model to estimate unreported COVID-19 infections and deaths from scarce routine data.,codex-sol-high-wave2-primary-008,W02-BATCH-008,
PMID:35038274,a126a416cc0074bb53338720b8033e849622e81b3cfb949290c92692e42cf8c9,exclude,,X_DESCRIPTIVE_ONLY,The vaccine-safety case series reports thrombosis-with-thrombocytopenia counts and rates without developing or evaluating a reusable surveillance method.,codex-sol-high-wave2-primary-008,W02-BATCH-008,
PMID:35056533,bc96e8abc58f8c8d959bb0e2e7bd608187e85b72fbf37e567517337e282c3ec2,include_applied_seed,applied_seed,I_APPLIED_TRANSFERABLE_DESIGN,The study uses population serologic measurements to estimate underreported SARS-CoV-2 infections and compare antibody persistence across targets.,codex-cli-task5-scope-reader-a-019f81c8-3afa-76c1-ae6c-639363a3a3d4,W02-BATCH-008,
PMID:35056559,c3a7d531502cb0afcaa000e1a0e824dc708c5b3240c276c4f7b805707ef6c5a9,include_applied_seed,applied_seed,I_APPLIED_TRANSFERABLE_DESIGN,The birth cohort uses longitudinal symptom diaries to capture mild childhood respiratory infections that conventional assessments may miss.,codex-sol-high-wave2-primary-008,W02-BATCH-008,
PMID:35062684,e35d1f5778ce90af299ee83009142d00ef5eb45ccec461df5973aa32dd4fa316,include_applied_seed,applied_seed,I_APPLIED_TRANSFERABLE_DESIGN,The systematic review and meta-analysis pools clinical estimates of vaccine effectiveness against Delta infection and severe outcomes.,codex-sol-high-wave2-primary-008,W02-BATCH-008,
PMID:35062705,dc2e13e02844d9b0db39c8396cc4f44ff07d1102303b46ae6b33cf54e3d6c04b,include_applied_seed,applied_seed,I_APPLIED_TRANSFERABLE_DESIGN,"The multicountry audit evaluates acute-flaccid-paralysis surveillance indicators, laboratory performance, enterovirus typing, and vaccine coverage over six years.",codex-sol-high-wave2-primary-008,W02-BATCH-008,
PMID:35063644,b7fdaa906573204b00586dd6b63d5c9bf9978e5b72cb0f4b97a4b7cc228217b9,exclude,,X_DESCRIPTIVE_ONLY,This report describes an incidental genotype detection without evaluating a transferable surveillance method.,codex-cli-task5-blind-adjudicator-019f81ed-9bec-78e3-8e45-f6ffc3186482,W02-BATCH-008,
PMID:35068649,962f885339cbc5c814038fb91e248da3ccfb2667ec1b82f4d05ef1afe58f15c6,include_method_source_lead,method_source,I_METHOD_SOURCE,The paper proposes an extensible framework using healthcare-worker infections as a comparator for evaluating underreporting effects on epidemic space-time patterns.,codex-sol-high-wave2-primary-008,W02-BATCH-008,
PMID:35071687,cb3cda0c5547a226bf1dfd1eb3823e64fd862260f4585eb054cd8736cb796e0b,include_applied_seed,applied_seed,I_APPLIED_TRANSFERABLE_DESIGN,The analysis integrates underreporting-adjusted seroprevalence and vaccination coverage to estimate state-level presumed SARS-CoV-2 immunity.,codex-sol-high-wave2-primary-008,W02-BATCH-008,
PMID:35074016,767f0dba8114d663551bd1fc765c93ae2152b736184ad5b983bc9d9b16f55509,include_simulation_or_mechanistic_lead,applied_seed,I_SIMULATION_MECHANISTIC,"The refined mechanistic transmission model estimates detection changes, intervention effects, false positives, and future gambiense trypanosomiasis trajectories.",codex-sol-high-wave2-primary-008,W02-BATCH-008,
PMID:35074239,e5c824ad98d752d81ef651b57326013f2cf774e6a9e7cae41cdb4d1dd2263c54,include_diagnostic_or_correction_lead,guidance,I_DIAGNOSTIC_CORRECTION,"The regional meeting report compares pertussis diagnosis, surveillance, and immunization practices and issues country-relevant surveillance and vaccination recommendations.",codex-sol-high-wave2-primary-008,W02-BATCH-008,
PMID:35085281,0f9d22bb5916510664e0121dedbb99afebea7810d02e54d2c01dae346e15d3a0,include_applied_seed,applied_seed,I_APPLIED_TRANSFERABLE_DESIGN,The comparative qualitative case study uses a socioecological framework to identify multilevel determinants of local-government epidemic response.,codex-sol-high-wave2-primary-008,W02-BATCH-008,
PMID:35088874,0898733c6a94ef7b88e39a55f8093f5b7654b15ad778ce0b2edf9b51ae19ca1f,include_applied_seed,applied_seed,I_APPLIED_TRANSFERABLE_DESIGN,The pharmacovigilance analysis uses reporting odds ratios to compare bacterial and herpesvirus infection signals across biologic therapies.,codex-sol-high-wave2-primary-008,W02-BATCH-008,
PMID:35093143,81bf3485785887ebb2009316a299cc29c5d3779b9215ea6e127eca01d2b31b73,exclude,,X_NOT_INFECTIOUS_TRANSFERABLE,The proposed classification concerns a rare chromosomal syndrome and provides no concrete route to infectious-disease epidemiology.,codex-sol-high-wave2-primary-008,W02-BATCH-008,
PMID:35107508,12f532a23f700716526d6fb4d9483598e0cb296c88a407f5979814df9e677b6b,include_applied_seed,applied_seed,I_APPLIED_TRANSFERABLE_DESIGN,The study links HIV records with death certificates to quantify omitted HIV attribution and identify predictors of mortality underreporting.,codex-sol-high-wave2-primary-008,W02-BATCH-008,
PMID:35108291,0a6342ce2d786b8d24bc59a9fa83dedde2d5a6eaffb2bae9ad5a1f173e605181,include_applied_seed,applied_seed,I_APPLIED_TRANSFERABLE_DESIGN,The analysis combines prospective mortality-risk prediction with historical and concurrent matched comparisons to estimate context-specific COVID-19 excess deaths.,codex-sol-high-wave2-primary-008,W02-BATCH-008,
PMID:35108609,c0d7ec9d5c2c964d25c06c99f742556fda07b369496f9f974e4f72fcb049c5b0,exclude,,X_COMMENTARY_ONLY,The article speculates about pandemic-related Lassa fever underreporting and resource allocation without a substantive analytic method.,codex-sol-high-wave2-primary-008,W02-BATCH-008,
PMID:35120122,371b0c7854b68eb402b3c72a42708f947115e8f2ba7c1dbbee333cbaa1395521,include_method_source_lead,method_source,I_METHOD_SOURCE,The paper develops and externally validates a scalable open-data epidemic risk index incorporating distance-sampling correction for underreported infections.,codex-sol-high-wave2-primary-008,W02-BATCH-008,
PMID:35153212,3f5d20f0bead5a029aff5e9944a2add2b3ef74fedda55ed7eef33ec47f7601c4,include_applied_seed,applied_seed,I_APPLIED_TRANSFERABLE_DESIGN,The study compares temporal fragments of global cholera spatial distributions as a mapping approach for infectious-disease surveillance.,codex-sol-high-wave2-primary-008,W02-BATCH-008,
PMID:35162665,d90897915e83f1180ebd5dde9c657b85aea140a5cbc09c9cb5970e4e7b6791c3,exclude,,X_DESCRIPTIVE_ONLY,The ecological study reports standard regression correlations between district characteristics and COVID-19 incidence or mortality without a distinct reusable method.,codex-sol-high-wave2-primary-008,W02-BATCH-008,
PMID:35173966,50169bdb5276c01d4fcb2e0e32608fc7f240282824113ffc6df6bfca38d5f857,include_applied_seed,applied_seed,I_APPLIED_TRANSFERABLE_DESIGN,"The systematic review synthesizes infectious, toxicological, occupational, and traumatic hazards affecting children in artisanal gold mining.",codex-sol-high-wave2-primary-008,W02-BATCH-008,
PMID:35213800,ae66c9eebb5083c8c5481f7bdafae585c673e7df0c00d30e1f0e8025b72cf25c,include_simulation_or_mechanistic_lead,applied_seed,I_SIMULATION_MECHANISTIC,The SARS-CoV-2 transmission model is fitted jointly to repeated serosurveys and death series to infer attack rates and death-reporting completeness.,codex-sol-high-wave2-primary-008,W02-BATCH-008,
PMID:35215139,4e7d189b62e8e96e7881160c1092cb92ca886a829af00fde30567dc8da0f1721,include_diagnostic_or_correction_lead,guidance,I_DIAGNOSTIC_CORRECTION,"The multicountry review identifies policy-practice gaps and prescribes priorities for detecting, reporting, preventing, and treating pediatric tuberculosis.",codex-sol-high-wave2-primary-008,W02-BATCH-008,
PMID:35224743,c68c768a54db4df4dc652f30e3b4cdfbfd37064a13306e891a8763a4304bc73a,include_simulation_or_mechanistic_lead,method_source,I_SIMULATION_MECHANISTIC,"The paper extends SEIR modeling to incorporate diagnostic false negatives and symptom-based test selection, validates effects through simulations, and supplies an R package.",codex-sol-high-wave2-primary-008,W02-BATCH-008,
PMID:35229768,a97de499235fef59167767a90b93c4d6681bb3d54cd9cda6407f498bb66fe2c9,include_applied_seed,applied_seed,I_APPLIED_TRANSFERABLE_DESIGN,"The anonymous survey jointly measures occupational bloodborne-pathogen exposures, reporting completeness, and reasons for nonreporting among dental trainees.",codex-sol-high-wave2-primary-008,W02-BATCH-008,
PMID:35231049,86b91f9adad3929a1be9ca8853f1bf4364b71f15c1743c9a31c1e6780006a3d5,include_applied_seed,applied_seed,I_APPLIED_TRANSFERABLE_DESIGN,"The evaluation applies CDC surveillance-system guidelines to assess usefulness, completeness, timeliness, acceptability, and underreporting in vaccine-safety surveillance.",codex-sol-high-wave2-primary-008,W02-BATCH-008,
PMID:35237546,11e745e3914d188a6963cc21b042b4f2ceb8b10bea7cdc2444ce7d996e78b4b3,exclude,,X_DESCRIPTIVE_ONLY,"The cross-sectional questionnaire reports needlestick incidence, knowledge, and practices without evaluating a distinct measurement or correction method.",codex-sol-high-wave2-primary-008,W02-BATCH-008,
PMID:35251462,3a85bd5b59ad9c2223e62a6590fb7da2b08df30eed10f0bba36a4d0a9073f4ae,include_applied_seed,applied_seed,I_APPLIED_TRANSFERABLE_DESIGN,"The surveillance-record audit measures field completeness and adverse-event reporting rates across locations, vaccines, and reaction types.",codex-sol-high-wave2-primary-008,W02-BATCH-008,
PMID:35255083,64b7006f39c693bf07357aa30ffd37ade237cbab2ba64664d529a91879b43d2e,exclude,,X_DESCRIPTIVE_ONLY,The study uses a conventional cross-sectional questionnaire to describe rabies knowledge and practices without a transferable surveillance or measurement innovation.,codex-sol-high-wave2-primary-008,W02-BATCH-008,
PMID:35275317,d0a229668fd619f6bb6a6ea007c2eec28507108c506b91958c3165515c8e59e1,exclude,,X_WRONG_RECORD_TYPE,The small neurological adverse-event case series provides clinical descriptions but no methodological evaluation or surveillance correction.,codex-sol-high-wave2-primary-008,W02-BATCH-008,
PMID:35287307,fdc2fe9d80c97d8375e0f4e8dd6e787b25260e472221fbec11c3dc45734cecd6,include_applied_seed,applied_seed,I_APPLIED_TRANSFERABLE_DESIGN,The cross-country analysis constructs a stochastic-frontier pandemic-containment score and relates it to subsequent economic growth.,codex-sol-high-wave2-primary-008,W02-BATCH-008,
PMID:35313580,d1522e5ca8e3bea17d5934bd94e0560c412189e8f843ed6564ec36091369b01b,include_applied_seed,applied_seed,I_APPLIED_TRANSFERABLE_DESIGN,"The prospective study compares air, surface, and wastewater SARS-CoV-2 signals with later clinical diagnoses as an early-warning surveillance design.",codex-sol-high-wave2-primary-008,W02-BATCH-008,
PMID:35318920,84697d2095e9b81ee5126e2d470b472faf92895e1ab512178c3e5517fad3780e,include_applied_seed,applied_seed,I_APPLIED_TRANSFERABLE_DESIGN,The study validates pharmacy dispensing as an auxiliary tuberculosis surveillance source and uses seasonal ARIMA forecasts to assess an unexpected notification decline.,codex-sol-high-wave2-primary-008,W02-BATCH-008,
PMID:35329019,a6fc5a77c24c4d8578c57c72e90010991b66d3ef1524bea9b197781594c3fc1f,include_method_source_lead,method_source,I_METHOD_SOURCE,The paper develops a Bayesian hierarchical spatial count model for false-negative and false-positive reporting and provides expert-prior elicitation functions.,codex-sol-high-wave2-primary-008,W02-BATCH-008,
PMID:35329285,f6a4ee5a9a33ea229aa9b286a13f18e5946117b414d011967eab09ce3263906f,exclude,,X_DESCRIPTIVE_ONLY,"The analysis uses standard regression to describe social vulnerability, comorbidities, tuberculosis, and COVID-19 outcomes without a reusable method contribution.",codex-sol-high-wave2-primary-008,W02-BATCH-008,
PMID:35340514,fe458c1ed1a6071b146812c14f1d9ca6abbae2829befcd9803d1d5c6eaec41dc,exclude,,X_NOT_INFECTIOUS_TRANSFERABLE,The anticoagulant-related nephropathy case report addresses a noninfectious clinical condition without a concrete infectious-disease transfer route.,codex-sol-high-wave2-primary-008,W02-BATCH-008,
PMID:35351241,bd62ec46f68c1716d7486b575400605fc0bfedd29de9747bbdbc6b6017755c35,include_applied_seed,applied_seed,I_APPLIED_TRANSFERABLE_DESIGN,The Bayesian spatial analysis combines prevalence-survey and notification data to map district-level tuberculosis prevalence-to-notification gaps.,codex-sol-high-wave2-primary-008,W02-BATCH-008,
PMID:35366035,661d8be39e4a207cec8ab7347a1a293de0b8ea79d539efc7c2f2971c361daffe,include_applied_seed,applied_seed,I_APPLIED_TRANSFERABLE_DESIGN,The population-based case-control study uses propensity-score adjustment to assess birth-defect safety after influenza vaccination during etiologic exposure windows.,codex-sol-high-wave2-primary-008,W02-BATCH-008,
PMID:35380404,9b82c3660dccbb4e089f252de3e1d92f17a3572b4d5c13ed659298ae17450678,include_applied_seed,applied_seed,I_APPLIED_TRANSFERABLE_DESIGN,"The systematic review synthesizes the geographic, clinical, diagnostic, reservoir, and treatment evidence for human dirofilariasis in Sri Lanka.",codex-sol-high-wave2-primary-008,W02-BATCH-008,
PMID:35405055,ff5b8014525c54731ae11fed7cf82614297bf676e934470d4c6daeb6668c1e96,exclude,,X_COMMENTARY_ONLY,The ethics commentary argues that Latino COVID-19 burden is undercounted but presents no substantive epidemiologic method.,codex-sol-high-wave2-primary-008,W02-BATCH-008,
PMID:35405084,fff8eab507647b561ed92e291b07ea2b164dce76e4896c832d83ab5528971433,include_method_source_lead,method_source,I_METHOD_SOURCE,"The study develops an ensemble framework that corrects multiple biased surveillance inputs and combines modeled detection, hospitalization, and fatality ratios to reconstruct infections.",codex-sol-high-wave2-primary-008,W02-BATCH-008,
PMID:35451463,8bd608a9f783f7853d00fb33aff76dd192b7d3324a890df6d3bbd2bed4d44118,include_applied_seed,applied_seed,I_APPLIED_TRANSFERABLE_DESIGN,"The systematic search synthesizes African invasive-candidiasis cases, diagnostic approaches, species distributions, treatment access, and resistance patterns.",codex-sol-high-wave2-primary-008,W02-BATCH-008,
PMID:35456778,4796cd3a720d9b37921459cd9bf7aa379bf86b380a664144fbecfed08b9f684e,include_applied_seed,applied_seed,I_APPLIED_TRANSFERABLE_DESIGN,The multispecies serosurvey measures exposure to four zoonotic pathogens in dromedaries to inform One Health monitoring.,codex-sol-high-wave2-primary-008,W02-BATCH-008,
PMID:35492342,62e589c5223c9fbf5324c1ad8b97adadfb3e9d6dfe9dbbf81832e30f4e069f13,include_applied_seed,applied_seed,I_APPLIED_TRANSFERABLE_DESIGN,The unselected autopsy cohort screens for SARS-CoV-2 and respiratory coinfections to quantify infections and deaths missed before death.,codex-sol-high-wave2-primary-008,W02-BATCH-008,
PMID:35510423,d2a34c740430487ad8598d33c90d3dd1924ce666f5a48f832d8914897b3b9801,include_method_source_lead,method_source,I_METHOD_SOURCE,The study validates national registry reporting against prospectively confirmed periprosthetic joint infections and models factors associated with capture.,codex-sol-high-wave2-primary-008,W02-BATCH-008,
PMID:35543444,59c7082e78f43fc111460051302da7f6e05aedb75edd328e7846b16214b30179,exclude,,X_DESCRIPTIVE_ONLY,The article describes STI notification trends and geographic disparities without directly evaluating a reusable adjustment or surveillance method.,codex-sol-high-wave2-primary-008,W02-BATCH-008,
PMID:35564793,f631867b9ba0e754765a4765b36c9955cdc6096e854c02fb331d0993241dd48b,include_applied_seed,applied_seed,I_APPLIED_TRANSFERABLE_DESIGN,The Global Burden of Disease analysis uses joinpoint trends and Gaussian-process regression to estimate PM2.5-attributable neonatal infection burden across countries.,codex-sol-high-wave2-primary-008,W02-BATCH-008,
PMID:35603305,e0943f5e7e8a215cc8537385a0dd567fab486126622ada86f28066073e1e7454,include_applied_seed,applied_seed,I_APPLIED_TRANSFERABLE_DESIGN,The representative serosurvey explicitly incorporates durable antibody-test performance and infection-to-seroconversion and infection-to-death delays into burden estimates.,codex-sol-high-wave2-primary-008,W02-BATCH-008,
PMID:35638777,399ec66639bb6870a411d31f66b1d665ef46a866d2e20ae4d3940936319f1411,include_diagnostic_or_correction_lead,correction,I_DIAGNOSTIC_CORRECTION,The multicenter comparison quantifies antimicrobial-resistance underreporting caused by delayed adoption of updated carbapenem susceptibility breakpoints.,codex-sol-high-wave2-primary-008,W02-BATCH-008,
PMID:35641529,dc281f98cc87a360c42d40960fa3736cc66b6698630fa39d0df81f7cb5bc4dad,include_method_source_lead,method_source,I_METHOD_SOURCE,"The paper develops an excess-mortality framework for reconstructing SARS-CoV-2 transmission, attack rates, fatality, and reporting completeness.",codex-sol-high-wave2-primary-008,W02-BATCH-008,
PMID:35641955,cc27d13558d977d01051a1ff314538b37e15e6933c1e9f15f97051b37aacfdf6,include_method_source_lead,method_source,I_METHOD_SOURCE,The systematic and clinical review constructs validated sequelae maps and selection rules for incorporating meningococcal outcomes into economic evaluations.,codex-sol-high-wave2-primary-008,W02-BATCH-008,
PMID:35643745,09cd9c0364df781ac8c45dc20feed73e95455148585733f9aae7c9e517b2c0b8,include_applied_seed,applied_seed,I_APPLIED_TRANSFERABLE_DESIGN,The study combines national and global pharmacovigilance reports with a literature review to assess adverse events during HIV pre-exposure prophylaxis.,codex-sol-high-wave2-primary-008,W02-BATCH-008,
PMID:35668864,796fc0235a4d005d31aeb97c43fa78d142039c9cab71a8bdfd511847d4b6d0cd,exclude,,X_NOT_INFECTIOUS_TRANSFERABLE,"The Google-search forecasting study concerns intimate partner violence, and pandemic timing alone does not establish a concrete infectious-disease transfer route.",codex-sol-high-wave2-primary-008,W02-BATCH-008,
PMID:35675830,8e722f0cd84aa1592d94565ac65895c8052bb5965e785423bb835aac105408dc,include_applied_seed,applied_seed,I_APPLIED_TRANSFERABLE_DESIGN,The natural experiment compares reopened and closed districts to isolate the effect of mandatory school testing on COVID-19 case ascertainment.,codex-sol-high-wave2-primary-008,W02-BATCH-008,
PMID:35699560,e439a39cf7c48ab37c3ed0b1c79801ac6ba80f755f7d6f6c955001ba21400551,exclude,,X_DESCRIPTIVE_ONLY,The study reports local mandatory-notification incidence trends without evaluating notification sensitivity or introducing a transferable analytic design.,codex-sol-high-wave2-primary-008,W02-BATCH-008,
PMID:35708760,183eb3cab957579114ff779a4e564d53858689136cc5e3c799449951eb443ba1,include_method_source_lead,method_source,I_METHOD_SOURCE,The paper develops and evaluates a topic-modeling and classification pipeline for extracting vaccine adverse-event mentions from social media.,codex-sol-high-wave2-primary-008,W02-BATCH-008,
PMID:35718347,441aee620fd6d54cc31fd930eeb810b8526b7f7fdfe01500603fc7da76b028f0,include_diagnostic_or_correction_lead,diagnostic,I_DIAGNOSTIC_CORRECTION,The Bayesian diagnostic-accuracy meta-analysis compares rapid cerebrospinal-fluid PCR assays and identifies when negative results require additional testing.,codex-sol-high-wave2-primary-008,W02-BATCH-008,
PMID:35741315,1489bfaa856c600685a91338057cfa2f7eaf053fc250497a39de5190125ade57,include_applied_seed,applied_seed,I_APPLIED_TRANSFERABLE_DESIGN,The ecological analysis estimates SARS-CoV-2 underdiagnosis from excess severe-respiratory cases with undefined etiologies relative to historical baselines.,codex-sol-high-wave2-primary-008,W02-BATCH-008,
PMID:35749696,eaf7e45fd0d0c13eef07f1eaaeb4796b5cc0098a21853a0183a02586695565fe,include_diagnostic_or_correction_lead,guidance,I_DIAGNOSTIC_CORRECTION,The review uses seroprevalence and immune-response evidence to recommend vaccination priorities for highly exposed African populations with constrained vaccine supply.,codex-sol-high-wave2-primary-008,W02-BATCH-008,
PMID:35759904,a16dcd242b9c340c2e733dfd10cd9191036b792c702977d4a8d47206c73576d1,exclude,,X_NOT_INFECTIOUS_TRANSFERABLE,The study primarily describes multiple-sclerosis activity during the pandemic and offers no distinct infectious-disease method beyond standard association analysis.,codex-sol-high-wave2-primary-008,W02-BATCH-008,
PMID:35765564,e9eba9b9197b429851e52c96690f7f371fb0d8b4254406292e09ad74eec7d391,include_applied_seed,applied_seed,I_APPLIED_TRANSFERABLE_DESIGN,"The study combines individual case data, subdistrict space-time analysis, and time-varying reproduction numbers to evaluate targeted and citywide interventions.",codex-sol-high-wave2-primary-008,W02-BATCH-008,
PMID:35767012,eb1e237885106637ac856ac1d6915caeb5136034d6196c86b6e5941e7cf603ea,include_method_source_lead,method_source,I_METHOD_SOURCE,The study validates wastewater estimates against randomized community sampling and compares their prevalence accuracy with clinically reported cases.,codex-sol-high-wave2-primary-008,W02-BATCH-008,
PMID:35770255,221583da0d5fed5a4d58ec17aba87909b4e4faa2a6adb35e3f86fdb0c939c114,include_applied_seed,applied_seed,I_APPLIED_TRANSFERABLE_DESIGN,The multicountry facility network establishes standardized baseline rates for pregnancy and neonatal safety outcomes and assesses outcome underreporting.,codex-sol-high-wave2-primary-008,W02-BATCH-008,
PMID:35775027,1173a8b1ebcbaeaf6339d22fcdd410bdc227482783402841d931f328305498e5,include_applied_seed,applied_seed,I_APPLIED_TRANSFERABLE_DESIGN,"The study uses dense regional sequencing, transmission-lineage reconstruction, and reproduction-number estimation to characterize HIV epidemic growth and underreporting.",codex-cli-task5-scope-reader-a-019f81c8-3afa-76c1-ae6c-639363a3a3d4,W02-BATCH-008,
PMID:35781020,6eb5e29a0634577847b1cabb99f4a6cc19df7b980c93307961eba61e0d5dbaa0,include_applied_seed,applied_seed,I_APPLIED_TRANSFERABLE_DESIGN,The systematic review and random-effects meta-analysis estimates needlestick exposure and reporting practices among dental students across countries.,codex-sol-high-wave2-primary-008,W02-BATCH-008,
PMID:35793191,19a87a2925abc8345eefda5e37cc891359f414a01392be1e0240b2c9b82a8244,exclude,,X_NOT_INFECTIOUS_TRANSFERABLE,The standard regression analysis concerns prescription-opioid abuse and dependence and supplies no concrete infectious-disease transfer route.,codex-sol-high-wave2-primary-008,W02-BATCH-008,
PMID:35802587,c7ebdb3490f9f8c17c7f4135c39917ca3c1129a3bac55651f08b1c66b42689a3,include_applied_seed,applied_seed,I_APPLIED_TRANSFERABLE_DESIGN,The study applies a standardized WHO case-control protocol to identify modifiable infection-control determinants of occupational SARS-CoV-2 infection.,codex-sol-high-wave2-primary-008,W02-BATCH-008,
PMID:35819903,2375aaa9c5a1cc3e353c6ad7000926e804e3f490797e246a7c1d728ec4c7704a,exclude,,X_DESCRIPTIVE_ONLY,"The surveillance analysis reports neurologic, ocular, and otic manifestations among syphilis cases without developing a correction or measurement method.",codex-sol-high-wave2-primary-008,W02-BATCH-008,
PMID:35821599,5df1befc72977be9ad17ffd3f0fcee19d298278e07684cfb4cae78b62603ce39,include_applied_seed,applied_seed,I_APPLIED_TRANSFERABLE_DESIGN,"The study contrasts prevaccine and vaccine-era incidence, adjusts for underreporting, and estimates disease cases averted by routine childhood immunization.",codex-sol-high-wave2-primary-008,W02-BATCH-008,
PMID:35836391,00ea1973c1fd94cd061c4810ca09ba483a3f2f6bb09cc80145386a5f577ca53d,exclude,,X_NOT_INFECTIOUS_TRANSFERABLE,"The review centers on sexual violence screening and sequelae, and its mention of STI risk does not supply a concrete infectious-epidemiology method.",codex-sol-high-wave2-primary-008,W02-BATCH-008,
PMID:35846521,e3edff367587f66f663c6791d50297b490c717b634084ef27b392e47387613d8,exclude,,X_DESCRIPTIVE_ONLY,The hospital study describes vulvar dermatosis prevalence and standard risk-factor associations without a reusable infectious-disease design contribution.,codex-sol-high-wave2-primary-008,W02-BATCH-008,
PMID:35850026,a352770f859cb03d3b953c57ca9d206ce3d47d10448fb1ec51ace6fa4fb0c358,include_method_source_lead,method_source,I_METHOD_SOURCE,The longitudinal network study measures how name prompting recovers omitted ties and changes network metrics used in transmission and diffusion analyses.,codex-sol-high-wave2-primary-008,W02-BATCH-008,
PMID:35851994,94fda95aa3c3e0a8167891b7bc5ee96d40b876bda3e8a4ec47018a91f3458ae9,include_diagnostic_or_correction_lead,guidance,I_DIAGNOSTIC_CORRECTION,"The workshop report prescribes a harmonized, linked, geographically diverse framework for active surveillance of antiretroviral safety during pregnancy.",codex-sol-high-wave2-primary-008,W02-BATCH-008,
PMID:35854935,c75764bfd91cabf8eaac6afdaa78364cd8dcbd9a0087dae84a284859d2af6911,include_applied_seed,applied_seed,I_APPLIED_TRANSFERABLE_DESIGN,The study classifies severe respiratory admissions by known and unknown etiology and models profiles associated with possible COVID-19 underreporting.,codex-sol-high-wave2-primary-008,W02-BATCH-008,
PMID:35874497,1ae4181f0680a63f1e88ca0d05bcd9720ad579afc5db9e3d305ed1c54ddd222e,exclude,,X_DESCRIPTIVE_ONLY,"The analysis describes vaccination, incidence, and mortality trends in Indigenous populations without a distinct causal or surveillance-adjustment method.",codex-sol-high-wave2-primary-008,W02-BATCH-008,
PMID:35879277,396c71aa604ee5bad20938dde2fb66078cff346a7ddbc7162207f84143297c07,include_method_source_lead,method_source,I_METHOD_SOURCE,The study develops and validates machine-learning and phenomenological models that convert wastewater signals into community SARS-CoV-2 prevalence estimates.,codex-sol-high-wave2-primary-008,W02-BATCH-008,
PMID:35885864,b6683221f8c2e9970c5c17daa426e25120b1cbf4bfd5217eaa81acdd3d352968,include_applied_seed,applied_seed,I_APPLIED_TRANSFERABLE_DESIGN,The multicenter qualitative audit uses systematic thematic analysis of hospital deaths to identify patient- and health-system determinants of COVID-19 mortality.,codex-sol-high-wave2-primary-008,W02-BATCH-008,
PMID:35892506,97b4af1f379cdfe4b7be4b429901fe18ddcb07cef675d760b6d2131da3d1d63c,include_diagnostic_or_correction_lead,guidance,I_DIAGNOSTIC_CORRECTION,The review links diagnostic sensitivity and asymptomatic infection to chlamydia underreporting and recommends a national nucleic-acid-based screening program.,codex-sol-high-wave2-primary-008,W02-BATCH-008,
PMID:35899155,8fa32f3b2591a418bb2e9efb579859f0ea72d11903bd3ee82f7514c983314afe,exclude,,X_DESCRIPTIVE_ONLY,"The convenience-sample survey reports tuberculosis knowledge, attitudes, and practices using standard regression without a reusable measurement contribution.",codex-sol-high-wave2-primary-008,W02-BATCH-008,
PMID:35925788,743eef8c3a53cb2c117bf860d52d273848fafaba5720f0978fde45948bd13c9f,include_method_source_lead,method_source,I_METHOD_SOURCE,The study assembles cross-pathogen empirical reporting rates and develops a model for predicting and correcting underreporting from pathogen and country characteristics.,codex-sol-high-wave2-primary-008,W02-BATCH-008,
PMID:35936565,5098670bd82c57813f1e44c592265c444a5ceb6af733455c905e0c26a0d50e95,exclude,,X_COMMENTARY_ONLY,The article broadly discusses COVID-19 effects on African leishmaniasis control without substantive analytic or methodological content.,codex-sol-high-wave2-primary-008,W02-BATCH-008,
PMID:35940201,21c293260833f361408066ff2a23bcbdbc66e56822899a9e6d1b503ba43b2f4d,include_diagnostic_or_correction_lead,guidance,I_DIAGNOSTIC_CORRECTION,"The review compares Clostridioides difficile detection, susceptibility, and One Health evidence and identifies surveillance and antimicrobial-use priorities for Southeast Asia.",codex-sol-high-wave2-primary-008,W02-BATCH-008,
PMID:35941563,198756a9bb6289b6dbf5b0eb9e14c253360c7cce8cbb8e9302c001b1d3511f29,include_diagnostic_or_correction_lead,correction,I_DIAGNOSTIC_CORRECTION,The study demonstrates large demographic bias from using aggregate test positivity to correct RSV underascertainment and recommends subgroup-specific adjustments.,codex-sol-high-wave2-primary-008,W02-BATCH-008,
PMID:35942053,af6d80750ef3ba6a282896e1f9d9e976e307e383baaef63f8ba55075dec81092,include_simulation_or_mechanistic_lead,method_source,I_SIMULATION_MECHANISTIC,The paper develops a stochastic network SIR model that jointly estimates transmission and underreporting and supports vaccination and distancing counterfactuals.,codex-sol-high-wave2-primary-008,W02-BATCH-008,
PMID:35946634,4b68a06b7b3658fbb050a45797efeda785bf6d2999d5a79299557e5c13b68676,include_applied_seed,applied_seed,I_APPLIED_TRANSFERABLE_DESIGN,The study applies prospective space-time scan statistics to detect emerging municipal COVID-19 clusters and estimate their relative risks.,codex-sol-high-wave2-primary-008,W02-BATCH-008,
PMID:35947603,8dd0eab1a0f67d76af70b820f13ace5140a71a00cb836d6822d11fe545624909,include_simulation_or_mechanistic_lead,method_source,I_SIMULATION_MECHANISTIC,"The stochastic state-space SIRD model permits time-varying infection, mortality, and reporting rates, reinfection, and uncertainty-calibrated forecasting.",codex-sol-high-wave2-primary-008,W02-BATCH-008,
PMID:35948284,471672e09a9eaf827df7d9323ce0905a3831babd8cc5216aebe5a377f7f49830,include_applied_seed,applied_seed,I_APPLIED_TRANSFERABLE_DESIGN,"The study merges notification, laboratory, and encounter records to quantify chlamydia and gonorrhea capture gaps and improve burden estimates.",codex-sol-high-wave2-primary-008,W02-BATCH-008,
PMID:35951611,eeed73a010b14eff4c87793d6a7d7d9807ee282607a23bb1f4d513d0a51fa17e,include_applied_seed,applied_seed,I_APPLIED_TRANSFERABLE_DESIGN,The longitudinal pediatric study compares several serological platforms and repeated antibody measurements to detect unreported SARS-CoV-2 infections.,codex-sol-high-wave2-primary-008,W02-BATCH-008,
PMID:35996175,f239db17027e8dec7bbb9e48ad91f962c1e86a6358b2e2655577b3fa5e3ff248,include_applied_seed,applied_seed,I_APPLIED_TRANSFERABLE_DESIGN,The national data-quality assessment triangulates multiple routine sources to distinguish tuberculosis undernotification from failures to report notified cases.,codex-sol-high-wave2-primary-008,W02-BATCH-008,
PMID:35996714,1fe7169ae77d7a6b3a991d824e4034234cd6d4aaa79309c1735e9eeb397694e8,include_simulation_or_mechanistic_lead,method_source,I_SIMULATION_MECHANISTIC,"The compartmental model estimates undocumented infections and effective reproduction numbers from reported cases, deaths, and epidemiological parameters.",codex-sol-high-wave2-primary-008,W02-BATCH-008,
PMID:36003978,e686eb9659537b46c17a3c84e8bc2394e7dc020b5952cc78abf25ff56772927d,exclude,,X_NOT_INFECTIOUS_TRANSFERABLE,The study analyzes adolescent suicidality with standard survey associations and provides no concrete infectious-disease transfer route.,codex-sol-high-wave2-primary-008,W02-BATCH-008,
PMID:36033207,2b2ffb04d6b96d6f6a5f27c619c13ffb5b58735ef10ee402a82a9376c5ce40cf,include_method_source_lead,method_source,I_METHOD_SOURCE,The study enhances and validates a claims-based algorithm by linkage with the HIV registry to identify transgender people living with HIV.,codex-sol-high-wave2-primary-008,W02-BATCH-008,
PMID:36033803,ee557ee7c4a1c7c9f8e092d854e2a76a8132c670644b8e9a9be74f6ba2d31b21,include_diagnostic_or_correction_lead,guidance,I_DIAGNOSTIC_CORRECTION,"The post-Ebola report documents capacity-building strategies and operational lessons for improving surveillance completeness, reliability, and sustainability in resource-limited settings.",codex-sol-high-wave2-primary-008,W02-BATCH-008,
PMID:36036636,4eba777706dfabcdc7b94560201bdb9c2a5930f7ddc075fbc375ff284de16be1,include_diagnostic_or_correction_lead,diagnostic,I_DIAGNOSTIC_CORRECTION,The study validates colistin broth disk elution against reference broth microdilution for Acinetobacter susceptibility testing in low-resource laboratories.,codex-sol-high-wave2-primary-008,W02-BATCH-008,
PMID:36074769,c28f6474d8a0bc98245cbfaac34a624ccb28f2b85b1b7f0065f576a227943ad5,include_diagnostic_or_correction_lead,correction,I_DIAGNOSTIC_CORRECTION,The sequencing study demonstrates that majority-consensus reporting omits transmissible within-host SARS-CoV-2 diversity and recommends more complete variant reporting.,codex-sol-high-wave2-primary-008,W02-BATCH-008,
PMID:36097593,33639a8ba6640866b6cb4eafc328c92faac0d5fe78da54c49e72ce75ab5201fa,include_simulation_or_mechanistic_lead,applied_seed,I_SIMULATION_MECHANISTIC,The study calibrates and simulates vaccine- and age-structured transmission models to evaluate COVID-19 burden and prioritization strategies.,codex-cli-task5-scope-reader-a-019f81c8-3afa-76c1-ae6c-639363a3a3d4,W02-BATCH-008,
PMID:36112718,4d1061d230c6e4a48e2a54090cc695ac473f2051e9e24f0546e50525b5e9a16b,include_simulation_or_mechanistic_lead,applied_seed,I_SIMULATION_MECHANISTIC,"The study reconstructs epidemic differential equations and contact numbers to assess African COVID-19 underreporting, nonlinear dynamics, and mitigation effects.",codex-sol-high-wave2-primary-008,W02-BATCH-008,
PMID:36149912,d6cf6db30f36d7767bb1cff0f7bc4020c712f8bed2418f558a4404af35cc7382,exclude,,X_DESCRIPTIVE_ONLY,"The cross-sectional HIV survey reports prevalence, treatment coverage, and standard risk-factor associations without a distinct reusable method.",codex-sol-high-wave2-primary-008,W02-BATCH-008,
PMID:36151226,226a47765d677a0444a8399a6df44eb7122091c4594ab19eb2e2b4f6388d4e5d,include_simulation_or_mechanistic_lead,method_source,I_SIMULATION_MECHANISTIC,The study compares recursive state estimators within a dynamic infectious-process model.,codex-cli-task5-blind-adjudicator-019f81ed-9bec-78e3-8e45-f6ffc3186482,W02-BATCH-008,
PMID:36158767,2d623045dbf7a4782ca5b86df96c963852fabe6c12db19b9db682697916248ee,exclude,,X_WRONG_RECORD_TYPE,The retracted fever-clinic report cannot serve as a reliable methods record despite describing a local management model.,codex-sol-high-wave2-primary-008,W02-BATCH-008,
PMID:36196586,898871e6345c3583a6b68ef88dcb8810a917d789ad694f57f981647be0e86ddb,include_applied_seed,applied_seed,I_APPLIED_TRANSFERABLE_DESIGN,The study derives multiplicative underascertainment factors from serological and postmortem surveillance to bound national COVID-19 infection burden in Africa.,codex-sol-high-wave2-primary-008,W02-BATCH-008,
