query_id,named_source_id,method_label,canonical_name,family,source_role,source,query_variant,query,seed_candidate_keys,reviewer
SEARCH-20260722-LINEAGE-CAUSAL-115,NS-CAUSAL-015,cluster_randomized_intervention_trials,Cluster-randomized intervention trial designs,causal_policy,infectious_application,pubmed,exact_title,Multi[Title] AND faceted[Title] AND intervention[Title] AND improve[Title] AND management[Title] AND antibiotics[Title] AND children[Title] AND presenting[Title] AND primary[Title] AND care[Title] AND acute[Title] AND cough[Title] AND respiratory[Title] AND tract[Title] AND infection[Title] AND CHICO[Title] AND efficient[Title] AND cluster[Title] AND randomised[Title] AND controlled[Title] AND trial[Title],PMID:37100446,task6-lineage-active-clean-exact-v2
SEARCH-20260722-LINEAGE-CAUSAL-121,NS-CAUSAL-020,counterfactual_policy_vaccination_impact,Counterfactual policy and vaccination impact models,causal_policy,authoritative_candidate,pubmed,exact_title,COVID[Title] AND 19[Title] AND underreporting[Title] AND its[Title] AND impact[Title] AND vaccination[Title] AND strategies[Title],PMID:34711190,task6-lineage-active-clean-exact-v2
SEARCH-20260722-LINEAGE-CAUSAL-122,NS-CAUSAL-020,counterfactual_policy_vaccination_impact,Counterfactual policy and vaccination impact models,causal_policy,authoritative_candidate,pubmed,title_first_author,underreporting[Title] AND vaccination[Title] AND strategies[Title] AND impact[Title] AND Albani[Author],PMID:34711190,task6-lineage-title-author-v3-supplement
SEARCH-20260722-LINEAGE-CAUSAL-126,NS-CAUSAL-024,heterogeneity_robust_staggered_did,Heterogeneity-robust staggered difference-in-differences,causal_policy,infectious_application,pubmed,exact_title,Long[Title] AND Term[Title] AND Effectiveness[Title] AND Financial[Title] AND Incentives[Title] AND Not[Title] AND Prescribing[Title] AND Unnecessary[Title] AND Antibiotics[Title] AND Children[Title] AND Acute[Title] AND Respiratory[Title] AND Gastrointestinal[Title] AND Infections[Title] AND Japan[Title] AND s[Title] AND Nationwide[Title] AND Quasi[Title] AND Experimental[Title] AND Study[Title],PMID:39579079,task6-lineage-active-clean-exact-v2
SEARCH-20260722-LINEAGE-CAUSAL-137,NS-CAUSAL-033,intervention_impact_evaluations,Intervention impact evaluations,causal_policy,infectious_application,pubmed,exact_title,Impact[Title] AND conjugate[Title] AND 7[Title] AND valent[Title] AND vaccination[Title] AND Belgium[Title] AND addressing[Title] AND methodological[Title] AND challenges[Title],PMID:21342667,task6-lineage-active-clean-exact-v2
SEARCH-20260722-LINEAGE-CAUSAL-142,NS-CAUSAL-036,marginal_structural_models,Marginal structural models and inverse-probability weighting,causal_policy,authoritative_candidate,pubmed,exact_title,Using[Title] AND marginal[Title] AND structural[Title] AND measurement[Title] AND error[Title] AND models[Title] AND estimate[Title] AND long[Title] AND term[Title] AND effect[Title] AND antiretroviral[Title] AND therapy[Title] AND incident[Title] AND AIDS[Title] AND death[Title],PMID:19934191,task6-lineage-active-clean-exact-v2
SEARCH-20260722-LINEAGE-CAUSAL-148,NS-CAUSAL-042,negative_controls,Negative-control designs,causal_policy,authoritative_candidate,pubmed,exact_title,Characterizing[Title] AND vaccine[Title] AND associated[Title] AND risks[Title] AND using[Title] AND cubic[Title] AND smoothing[Title] AND splines[Title],PMID:23100246,task6-lineage-active-clean-exact-v2
SEARCH-20260722-LINEAGE-CAUSAL-156,NS-CAUSAL-048,time_to_event_cohort_studies,Observational time-to-event cohort designs,causal_policy,infectious_application,pubmed,exact_title,Long[Title] AND term[Title] AND Cardiovascular[Title] AND Cerebrovascular[Title] AND Other[Title] AND Thrombotic[Title] AND Complications[Title] AND COVID[Title] AND 19[Title] AND Survivors[Title] AND Retrospective[Title] AND Cohort[Title] AND Study[Title],PMID:37746872,task6-lineage-active-clean-exact-v2
SEARCH-20260722-LINEAGE-CAUSAL-158,NS-CAUSAL-050,quasi_experimental_policy_evaluation,Other quasi-experimental policy-evaluation designs,causal_policy,infectious_application,pubmed,exact_title,2016[Title] AND California[Title] AND policy[Title] AND eliminate[Title] AND nonmedical[Title] AND vaccine[Title] AND exemptions[Title] AND changes[Title] AND coverage[Title] AND empirical[Title] AND analysis[Title],PMID:31869328,task6-lineage-active-clean-exact-v2
SEARCH-20260722-LINEAGE-CAUSAL-163,NS-CAUSAL-054,policy_impact_and_economic_evaluations,Policy-impact and economic evaluation studies,causal_policy,authoritative_candidate,pubmed,exact_title,Save[Title] AND lives[Title] AND livelihoods[Title] AND cross[Title] AND country[Title] AND analysis[Title] AND COVID[Title] AND 19[Title] AND pandemic[Title] AND economic[Title] AND growth[Title],PMID:35287307,task6-lineage-active-clean-exact-v2
SEARCH-20260722-LINEAGE-CAUSAL-172,NS-CAUSAL-061,quantile_based_g_computation,Quantile-based g-computation for exposure mixtures,causal_policy,infectious_application,pubmed,exact_title,Multilayer[Title] AND factors[Title] AND associated[Title] AND excess[Title] AND all[Title] AND cause[Title] AND mortality[Title] AND during[Title] AND omicron[Title] AND non[Title] AND waves[Title] AND COVID[Title] AND 19[Title] AND pandemic[Title] AND time[Title] AND series[Title] AND analysis[Title] AND 29[Title] AND countries[Title],PMID:38308279,task6-lineage-active-clean-exact-v2
SEARCH-20260722-LINEAGE-CAUSAL-173,NS-CAUSAL-061,quantile_based_g_computation,Quantile-based g-computation for exposure mixtures,causal_policy,infectious_application,pubmed,title_first_author,Multilayer[Title] AND associated[Title] AND mortality[Title] AND countries[Title] AND Zou[Author],PMID:38308279,task6-lineage-title-author-v3-supplement
SEARCH-20260722-LINEAGE-CAUSAL-174,NS-CAUSAL-062,quasi_experimental_methods_overview,Quasi-experimental design overviews,causal_policy,authoritative_candidate,pubmed,exact_title,Use[Title] AND Quasi[Title] AND experimental[Title] AND Designs[Title] AND Vaccine[Title] AND Evaluation[Title],PMID:30346524,task6-lineage-active-clean-exact-v2
SEARCH-20260722-LINEAGE-CAUSAL-181,NS-CAUSAL-068,surveillance_risk_factor_analysis,Risk-factor analyses using surveillance data,causal_policy,infectious_application,pubmed,exact_title,Factors[Title] AND associated[Title] AND tick[Title] AND bites[Title] AND pathogen[Title] AND prevalence[Title] AND ticks[Title] AND parasitizing[Title] AND humans[Title] AND Georgia[Title] AND USA[Title],PMID:26935205,task6-lineage-active-clean-exact-v2
SEARCH-20260722-LINEAGE-CAUSAL-182,NS-CAUSAL-069,causal_risk_and_intervention_studies,Risk-factor and intervention studies with reporting-bias implications,causal_policy,authoritative_candidate,pubmed,exact_title,Inference[Title] AND under[Title] AND superspreading[Title] AND Determinants[Title] AND SARS[Title] AND CoV[Title] AND 2[Title] AND transmission[Title] AND Germany[Title],PMID:38422989,task6-lineage-active-clean-exact-v2
SEARCH-20260722-LINEAGE-CAUSAL-190,NS-CAUSAL-075,sentinel_surveillance_effectiveness_risk_evaluation,Sentinel surveillance effectiveness and risk evaluation,causal_policy,infectious_application,pubmed,exact_title,Factors[Title] AND associated[Title] AND HIV[Title] AND virologic[Title] AND failure[Title] AND patients[Title] AND HAART[Title] AND one[Title] AND year[Title] AND three[Title] AND sentinel[Title] AND surveillance[Title] AND sites[Title] AND China[Title],PMID:21361864,task6-lineage-active-clean-exact-v2
SEARCH-20260722-LINEAGE-CAUSAL-192,NS-CAUSAL-077,sentinel_intervention_effectiveness,Sentinel-based intervention effectiveness studies,causal_policy,infectious_application,pubmed,exact_title,Quadrivalent[Title] AND human[Title] AND papillomavirus[Title] AND vaccination[Title] AND trends[Title] AND genital[Title] AND warts[Title] AND Australia[Title] AND analysis[Title] AND national[Title] AND sentinel[Title] AND surveillance[Title] AND data[Title],PMID:21067976,task6-lineage-active-clean-exact-v2
SEARCH-20260722-LINEAGE-CAUSAL-201,NS-CAUSAL-086,target_trial_emulation,Target-trial emulation,causal_policy,authoritative_candidate,pubmed,exact_title,Effect[Title] AND Estimates[Title] AND Randomized[Title] AND Trials[Title] AND Observational[Title] AND Studies[Title] AND Comparing[Title] AND Apples[Title],PMID:31063192,task6-lineage-active-clean-exact-v2
SEARCH-20260722-LINEAGE-CAUSAL-205,NS-CAUSAL-089,targeted_learning_tmle,Targeted learning and targeted maximum-likelihood estimation,causal_policy,authoritative_candidate,pubmed,exact_title,EFFECT[Title] AND BREASTFEEDING[Title] AND GASTROINTESTINAL[Title] AND INFECTION[Title] AND INFANTS[Title] AND TARGETED[Title] AND MAXIMUM[Title] AND LIKELIHOOD[Title] AND APPROACH[Title] AND CLUSTERED[Title] AND LONGITUDINAL[Title] AND DATA[Title],PMID:25505499,task6-lineage-active-clean-exact-v2
SEARCH-20260722-LINEAGE-CAUSAL-99,NS-CAUSAL-002,applied_randomized_intervention_studies,Applied randomized intervention studies,causal_policy,authoritative_candidate,pubmed,exact_title,Adaptive[Title] AND Intervention[Title] AND Trial[Title] AND Design[Title] AND Finding[Title] AND Optimal[Title] AND Integrated[Title] AND Strategies[Title] AND Malaria[Title] AND Control[Title] AND Elimination[Title] AND Africa[Title] AND Model[Title] AND Simulation[Title] AND Study[Title],PMID:34491227,task6-lineage-active-clean-exact-v2
SEARCH-20260722-LINEAGE-EVIDENCE-100,NS-EVIDENCE-035,narrative_review_ai_ml_infectious_disease_methods,Narrative review of AI/ML infectious-disease methods,evidence_synthesis,authoritative_candidate,pubmed,exact_title,Advanced[Title] AND Techniques[Title] AND Intelligent[Title] AND Diagnosis[Title] AND Fish[Title] AND Diseases[Title] AND Review[Title],PMID:36359061,task6-lineage-active-clean-exact-v2
SEARCH-20260722-LINEAGE-EVIDENCE-101,NS-EVIDENCE-036,evidence_robustness_methods,Other evidence-synthesis and robustness methods,evidence_synthesis,authoritative_candidate,pubmed,exact_title,causal[Title] AND framework[Title] AND understanding[Title] AND effect[Title] AND losses[Title] AND follow[Title] AND up[Title] AND epidemiologic[Title] AND analyses[Title] AND clinic[Title] AND based[Title] AND cohorts[Title] AND case[Title] AND HIV[Title] AND infected[Title] AND patients[Title] AND antiretroviral[Title] AND therapy[Title] AND Africa[Title],PMID:22306557,task6-lineage-active-clean-exact-v2
SEARCH-20260722-LINEAGE-EVIDENCE-104,NS-EVIDENCE-039,outcome_definition_sensitivity,Outcome-definition sensitivity analysis,evidence_synthesis,infectious_application,pubmed,exact_title,Infection[Title] AND fatality[Title] AND risk[Title] AND pandemic[Title] AND H1N1[Title] AND 2009[Title] AND virus[Title] AND Hong[Title] AND Kong[Title],PMID:23459950,task6-lineage-active-clean-exact-v2
SEARCH-20260722-LINEAGE-EVIDENCE-107,NS-EVIDENCE-041,review_guideline_and_contextual_methods,"Review, guideline, and contextual-methods studies",evidence_synthesis,authoritative_candidate,pubmed,exact_title,Developing[Title] AND Clinical[Title] AND Decision[Title] AND Support[Title] AND Tool[Title] AND Appropriate[Title] AND Antibiotic[Title] AND Prescribing[Title] AND Australian[Title] AND General[Title] AND Practice[Title] AND Simulation[Title] AND Study[Title],PMID:32507028,task6-lineage-active-clean-exact-v2
SEARCH-20260722-LINEAGE-EVIDENCE-111,NS-EVIDENCE-045,severity_estimation_with_exposure_denominators,Severity estimation with exposure denominators,evidence_synthesis,infectious_application,pubmed,exact_title,Seroprevalence[Title] AND 2009[Title] AND pandemic[Title] AND influenza[Title] AND H1N1[Title] AND virus[Title] AND Australian[Title] AND blood[Title] AND donors[Title] AND October[Title] AND December[Title],PMID:20946757,task6-lineage-active-clean-exact-v2
SEARCH-20260722-LINEAGE-EVIDENCE-120,NS-EVIDENCE-053,surveillance_gap_evidence_synthesis,Surveillance-gap reviews and guidance,evidence_synthesis,guidance,pubmed,exact_title,Biohazards[Title] AND research[Title] AND laboratories[Title],PMID:32126610,task6-lineage-active-clean-exact-v2
SEARCH-20260722-LINEAGE-EVIDENCE-122,NS-EVIDENCE-055,systematic_review_meta_analysis,Systematic-review and meta-analysis methods,evidence_synthesis,authoritative_candidate,pubmed,exact_title,Estimating[Title] AND Influenza[Title] AND Vaccine[Title] AND Effectiveness[Title] AND Test[Title] AND Negative[Title] AND Design[Title] AND Using[Title] AND Alternative[Title] AND Control[Title] AND Groups[Title] AND Systematic[Title] AND Review[Title] AND Meta[Title] AND Analysis[Title],PMID:28641373,task6-lineage-active-clean-exact-v2
SEARCH-20260722-LINEAGE-EVIDENCE-126,NS-EVIDENCE-058,transportability_generalizability,Transportability and generalizability methods,evidence_synthesis,infectious_application,pubmed,exact_title,relationship[Title] AND between[Title] AND anti[Title] AND merozoite[Title] AND antibodies[Title] AND incidence[Title] AND Plasmodium[Title] AND falciparum[Title] AND malaria[Title] AND systematic[Title] AND review[Title] AND meta[Title] AND analysis[Title],PMID:20098724,task6-lineage-active-clean-exact-v2
SEARCH-20260722-LINEAGE-EVIDENCE-127,NS-EVIDENCE-058,transportability_generalizability,Transportability and generalizability methods,evidence_synthesis,infectious_application,pubmed,title_first_author,relationship[Title] AND antibodies[Title] AND Plasmodium[Title] AND falciparum[Title] AND Fowkes[Author],PMID:20098724,task6-lineage-title-author-v3-supplement
SEARCH-20260722-LINEAGE-EVIDENCE-65,NS-EVIDENCE-005,correction_and_retraction_evidence,Correction and retraction evidence,evidence_synthesis,correction,pubmed,exact_title,Correction[Title] AND Changes[Title] AND Appropriateness[Title] AND US[Title] AND Outpatient[Title] AND Antibiotic[Title] AND Prescribing[Title] AND After[Title] AND COVID[Title] AND 19[Title] AND Outbreak[Title] AND Interrupted[Title] AND Time[Title] AND series[Title] AND Analysis[Title] AND 2017[Title] AND 2021[Title] AND Data[Title],PMID:39320460,task6-lineage-active-clean-exact-v2
SEARCH-20260722-LINEAGE-EVIDENCE-66,NS-EVIDENCE-006,triangulation_cross_system,Cross-system triangulation,evidence_synthesis,authoritative_candidate,pubmed,exact_title,Using[Title] AND surveillance[Title] AND monitoring[Title] AND data[Title] AND different[Title] AND origins[Title] AND Salmonella[Title] AND source[Title] AND attribution[Title] AND model[Title] AND European[Title] AND Union[Title] AND example[Title] AND challenges[Title] AND proposed[Title] AND solutions[Title],PMID:25023449,task6-lineage-active-clean-exact-v2
SEARCH-20260722-LINEAGE-EVIDENCE-71,NS-EVIDENCE-010,denominator_population_sensitivity,Denominator and population-at-risk sensitivity,evidence_synthesis,infectious_application,pubmed,exact_title,Emergence[Title] AND pregnancy[Title] AND related[Title] AND listeriosis[Title] AND amongst[Title] AND ethnic[Title] AND minorities[Title] AND England[Title] AND Wales[Title],PMID:20630145,task6-lineage-active-clean-exact-v2
SEARCH-20260722-LINEAGE-EVIDENCE-72,NS-EVIDENCE-011,evidence_synthesis_reviews,Evidence syntheses and methodological reviews,evidence_synthesis,authoritative_candidate,pubmed,exact_title,Evolution[Title] AND Use[Title] AND Dynamic[Title] AND Transmission[Title] AND Models[Title] AND Measles[Title] AND Rubella[Title] AND Risk[Title] AND Policy[Title] AND Analysis[Title],PMID:27277138,task6-lineage-active-clean-exact-v2
SEARCH-20260722-LINEAGE-EVIDENCE-74,NS-EVIDENCE-013,evidence_syntheses_on_burden_and_reporting,"Evidence syntheses on burden, surveillance, and reporting gaps",evidence_synthesis,implementation,pubmed,exact_title,Exclusion[Title] AND pregnant[Title] AND people[Title] AND emergency[Title] AND vaccine[Title] AND clinical[Title] AND trials[Title] AND systematic[Title] AND review[Title] AND trial[Title] AND protocols[Title] AND reporting[Title] AND 2009[Title] AND 2019[Title],PMID:37442686,task6-lineage-active-clean-exact-v2
SEARCH-20260722-LINEAGE-EVIDENCE-77,NS-EVIDENCE-016,reporting_and_surveillance_evidence_syntheses,"Evidence syntheses on surveillance, reporting, and hidden burden",evidence_synthesis,diagnostic,pubmed,exact_title,Knowing[Title] AND unknown[Title] AND underestimation[Title] AND monkeypox[Title] AND cases[Title] AND Insights[Title] AND implications[Title] AND integrative[Title] AND review[Title] AND literature[Title],PMID:36246252,task6-lineage-active-clean-exact-v2
SEARCH-20260722-LINEAGE-EVIDENCE-80,NS-EVIDENCE-019,external_validity_generalizability_assessment,External-validity and generalizability assessment studies,evidence_synthesis,infectious_application,pubmed,exact_title,How[Title] AND Generalizable[Title] AND Are[Title] AND Results[Title] AND Trials[Title] AND Direct[Title] AND Antiviral[Title] AND Agents[Title] AND People[Title] AND Coinfected[Title] AND HIV[Title] AND HCV[Title] AND Real[Title] AND World[Title],PMID:26743093,task6-lineage-active-clean-exact-v2
SEARCH-20260722-LINEAGE-EVIDENCE-81,NS-EVIDENCE-019,external_validity_generalizability_assessment,External-validity and generalizability assessment studies,evidence_synthesis,infectious_application,pubmed,title_first_author,Generalizable[Title] AND Coinfected[Title] AND Antiviral[Title] AND Results[Title] AND Saeed[Author],PMID:26743093,task6-lineage-title-author-v3-supplement
SEARCH-20260722-LINEAGE-EVIDENCE-82,NS-EVIDENCE-020,hierarchical_borrowing,Hierarchical and dynamic borrowing,evidence_synthesis,authoritative_candidate,pubmed,exact_title,Handling[Title] AND Poor[Title] AND Accrual[Title] AND Pediatric[Title] AND Trials[Title] AND Simulation[Title] AND Study[Title] AND Using[Title] AND Bayesian[Title] AND Approach[Title],PMID:33669985,task6-lineage-active-clean-exact-v2
SEARCH-20260722-LINEAGE-EVIDENCE-84,NS-EVIDENCE-022,host_pathogen_metapopulation_ecology,Host-pathogen metapopulation ecology and evolution,evidence_synthesis,infectious_application,pubmed,exact_title,Rapid[Title] AND genetic[Title] AND change[Title] AND underpins[Title] AND antagonistic[Title] AND coevolution[Title] AND natural[Title] AND host[Title] AND pathogen[Title] AND metapopulation[Title],PMID:22372578,task6-lineage-active-clean-exact-v2
SEARCH-20260722-LINEAGE-EVIDENCE-85,NS-EVIDENCE-023,infectious_disease_review_and_meta_analysis,Infectious disease review and meta-analysis,evidence_synthesis,authoritative_candidate,pubmed,exact_title,Influenza[Title] AND During[Title] AND 2010[Title] AND 2020[Title] AND Decade[Title] AND United[Title] AND States[Title] AND Seasonal[Title] AND Outbreaks[Title] AND Vaccine[Title] AND Interventions[Title],PMID:36219562,task6-lineage-active-clean-exact-v2
SEARCH-20260722-LINEAGE-EVIDENCE-86,NS-EVIDENCE-023,infectious_disease_review_and_meta_analysis,Infectious disease review and meta-analysis,evidence_synthesis,authoritative_candidate,pubmed,title_first_author,Interventions[Title] AND Influenza[Title] AND Outbreaks[Title] AND Seasonal[Title] AND Malosh[Author],PMID:36219562,task6-lineage-title-author-v3-supplement
SEARCH-20260722-LINEAGE-FORECASTING-101,NS-FORECASTING-012,early_warning_signals,Early-warning signals,forecasting_dynamics,authoritative_candidate,pubmed,exact_title,study[Title] AND regarding[Title] AND applicability[Title] AND WSARE[Title] AND algorithms[Title] AND early[Title] AND warning[Title] AND system[Title] AND infectious[Title] AND disease[Title] AND outbreaks[Title],PMID:21176699,task6-lineage-active-clean-exact-v2
SEARCH-20260722-LINEAGE-FORECASTING-102,NS-FORECASTING-012,early_warning_signals,Early-warning signals,forecasting_dynamics,authoritative_candidate,pubmed,title_first_author,applicability[Title] AND algorithms[Title] AND infectious[Title] AND outbreaks[Title] AND Zhang[Author],PMID:21176699,task6-lineage-title-author-v3-supplement
SEARCH-20260722-LINEAGE-FORECASTING-107,NS-FORECASTING-016,ensemble_forecasting,Ensemble forecasting,forecasting_dynamics,authoritative_candidate,pubmed,exact_title,Ensemble[Title] AND forecast[Title] AND human[Title] AND West[Title] AND Nile[Title] AND virus[Title] AND cases[Title] AND mosquito[Title] AND infection[Title] AND rates[Title],PMID:28233783,task6-lineage-active-clean-exact-v2
SEARCH-20260722-LINEAGE-FORECASTING-122,NS-FORECASTING-028,infectious_disease_forecasting_from_surveillance_data,Infectious disease forecasting from surveillance data,forecasting_dynamics,authoritative_candidate,pubmed,exact_title,nowcast[Title] AND model[Title] AND predict[Title] AND outdoor[Title] AND flea[Title] AND activity[Title] AND real[Title] AND time[Title] AND contiguous[Title] AND United[Title] AND States[Title],PMID:38254213,task6-lineage-active-clean-exact-v2
SEARCH-20260722-LINEAGE-FORECASTING-123,NS-FORECASTING-029,infectious_disease_forecasting_from_surveillance_data,Infectious disease forecasting from surveillance data,forecasting_dynamics,infectious_application,pubmed,exact_title,Forecasting[Title] AND probability[Title] AND local[Title] AND dengue[Title] AND outbreaks[Title] AND Queensland[Title] AND Australia[Title],PMID:33340847,task6-lineage-active-clean-exact-v2
SEARCH-20260722-LINEAGE-FORECASTING-126,NS-FORECASTING-031,integrated_retrospective_impact_evaluation_and_forecasting,Integrated retrospective impact evaluation and forecasting,forecasting_dynamics,infectious_application,pubmed,exact_title,Evaluating[Title] AND impact[Title] AND two[Title] AND decades[Title] AND USAID[Title] AND interventions[Title] AND projecting[Title] AND effects[Title] AND defunding[Title] AND mortality[Title] AND up[Title] AND 2030[Title] AND retrospective[Title] AND evaluation[Title] AND forecasting[Title] AND analysis[Title],PMID:40609560,task6-lineage-active-clean-exact-v2
SEARCH-20260722-LINEAGE-FORECASTING-143,NS-FORECASTING-047,outbreak_anomaly_detection,Outbreak and anomaly detection,forecasting_dynamics,infectious_application,pubmed,exact_title,Fully[Title] AND Integrated[Title] AND Real[Title] AND Time[Title] AND Detection[Title] AND Diagnosis[Title] AND Control[Title] AND Community[Title] AND Diarrheal[Title] AND Disease[Title] AND Clusters[Title] AND Outbreaks[Title] AND INTEGRATE[Title] AND Project[Title] AND Protocol[Title] AND Enhanced[Title] AND Surveillance[Title] AND System[Title],PMID:31573952,task6-lineage-active-clean-exact-v2
SEARCH-20260722-LINEAGE-FORECASTING-148,NS-FORECASTING-051,outbreak_detection_program_evaluation,Outbreak detection program evaluation,forecasting_dynamics,infectious_application,pubmed,exact_title,Dynamics[Title] AND Escherichia[Title] AND coli[Title] AND O157[Title] AND H7[Title] AND outbreak[Title] AND detection[Title] AND investigation[Title] AND Minnesota[Title] AND 2000[Title] AND 2008[Title],PMID:22093879,task6-lineage-active-clean-exact-v2
SEARCH-20260722-LINEAGE-FORECASTING-152,NS-FORECASTING-055,predictive_early_warning_models,Predictive early-warning models,forecasting_dynamics,infectious_application,pubmed,exact_title,Using[Title] AND time[Title] AND dependent[Title] AND reproduction[Title] AND number[Title] AND predict[Title] AND turning[Title] AND points[Title] AND COVID[Title] AND 19[Title] AND outbreak[Title] AND Dalian[Title] AND Liaoning[Title] AND province[Title] AND China[Title],PMID:36496364,task6-lineage-active-clean-exact-v2
SEARCH-20260722-LINEAGE-FORECASTING-168,NS-FORECASTING-069,reproduction_number_threshold_theory,Reproduction-number theory in mechanistic transmission models,forecasting_dynamics,authoritative_candidate,pubmed,exact_title,final[Title] AND size[Title] AND epidemic[Title] AND its[Title] AND relation[Title] AND basic[Title] AND reproduction[Title] AND number[Title],PMID:21210241,task6-lineage-active-clean-exact-v2
SEARCH-20260722-LINEAGE-FORECASTING-169,NS-FORECASTING-069,reproduction_number_threshold_theory,Reproduction-number theory in mechanistic transmission models,forecasting_dynamics,authoritative_candidate,pubmed,title_first_author,reproduction[Title] AND epidemic[Title] AND relation[Title] AND number[Title] AND Andreasen[Author],PMID:21210241,task6-lineage-title-author-v3-supplement
SEARCH-20260722-LINEAGE-FORECASTING-170,NS-FORECASTING-070,reproduction_number_reviews_meta_analyses,"Reviews, meta-analyses, and comparative syntheses of reproduction numbers",forecasting_dynamics,authoritative_candidate,pubmed,exact_title,Constructing[Title] AND adjusting[Title] AND estimates[Title] AND household[Title] AND transmission[Title] AND SARS[Title] AND CoV[Title] AND 2[Title] AND prior[Title] AND studies[Title] AND widespread[Title] AND testing[Title] AND contact[Title] AND tracing[Title] AND data[Title],PMID:34151970,task6-lineage-active-clean-exact-v2
SEARCH-20260722-LINEAGE-FORECASTING-175,NS-FORECASTING-075,time_series_forecasting,Statistical time-series forecasting,forecasting_dynamics,infectious_application,pubmed,exact_title,Forecasting[Title] AND weekly[Title] AND dengue[Title] AND incidence[Title] AND Sri[Title] AND Lanka[Title] AND Modified[Title] AND Autoregressive[Title] AND Integrated[Title] AND Moving[Title] AND Average[Title] AND modeling[Title] AND approach[Title],PMID:38457405,task6-lineage-active-clean-exact-v2
SEARCH-20260722-LINEAGE-FORECASTING-181,NS-FORECASTING-080,transmission_dynamics_forecasting_models,"Transmission dynamics, contact measurement, and epidemic forecasting models",forecasting_dynamics,authoritative_candidate,pubmed,exact_title,How[Title] AND should[Title] AND social[Title] AND mixing[Title] AND be[Title] AND measured[Title] AND comparing[Title] AND web[Title] AND based[Title] AND survey[Title] AND sensor[Title] AND methods[Title],PMID:24612900,task6-lineage-active-clean-exact-v2
SEARCH-20260722-LINEAGE-FORECASTING-182,NS-FORECASTING-080,transmission_dynamics_forecasting_models,"Transmission dynamics, contact measurement, and epidemic forecasting models",forecasting_dynamics,authoritative_candidate,pubmed,title_first_author,comparing[Title] AND measured[Title] AND methods[Title] AND should[Title] AND Smieszek[Author],PMID:24612900,task6-lineage-title-author-v3-supplement
SEARCH-20260722-LINEAGE-FORECASTING-184,NS-FORECASTING-082,reproduction_number_control_studies,Transmission-control and policy studies using reproduction numbers,forecasting_dynamics,authoritative_candidate,pubmed,exact_title,Data[Title] AND driven[Title] AND inference[Title] AND reproduction[Title] AND number[Title] AND COVID[Title] AND 19[Title] AND before[Title] AND after[Title] AND interventions[Title] AND 51[Title] AND European[Title] AND countries[Title],PMID:32677705,task6-lineage-active-clean-exact-v2
SEARCH-20260722-LINEAGE-FORECASTING-185,NS-FORECASTING-082,reproduction_number_control_studies,Transmission-control and policy studies using reproduction numbers,forecasting_dynamics,authoritative_candidate,pubmed,title_first_author,interventions[Title] AND reproduction[Title] AND inference[Title] AND countries[Title] AND Karnakov[Author],PMID:32677705,task6-lineage-title-author-v3-supplement
SEARCH-20260722-LINEAGE-FORECASTING-188,NS-FORECASTING-084,transmission_dynamics_and_forecasting_models,Transmission-dynamics and forecasting models,forecasting_dynamics,authoritative_candidate,pubmed,exact_title,Probability[Title] AND estimated[Title] AND risk[Title] AND SARS[Title] AND CoV[Title] AND 2[Title] AND transmission[Title] AND air[Title] AND travel[Title] AND system[Title],PMID:34182036,task6-lineage-active-clean-exact-v2
SEARCH-20260722-LINEAGE-FORECASTING-194,NS-FORECASTING-080,transmission_dynamics_forecasting_models,"Transmission dynamics, contact measurement, and epidemic forecasting models",forecasting_dynamics,authoritative_candidate,pubmed,method_author_year,(transmission dynamics[Title/Abstract] OR contact measurement[Title/Abstract] OR epidemic forecasting[Title/Abstract] OR social mixing[Title/Abstract]) AND Smieszek[Author] AND 2014[Date - Publication],PMID:24612900,task6-lineage-method-author-year-v1
SEARCH-20260722-LINEAGE-SIMULATION-36,NS-SIMULATION-002,agent_based_models,Agent-based and individual-based models,simulation_methods,infectious_application,pubmed,exact_title,Expanding[Title] AND access[Title] AND HAART[Title] AND cost[Title] AND effective[Title] AND approach[Title] AND treating[Title] AND preventing[Title] AND HIV[Title],PMID:20588171,task6-lineage-active-clean-exact-v2
SEARCH-20260722-LINEAGE-SIMULATION-37,NS-SIMULATION-003,applied_policy_intervention_simulation,Applied policy and intervention simulation studies,simulation_methods,authoritative_candidate,pubmed,exact_title,Designing[Title] AND isolation[Title] AND guidelines[Title] AND COVID[Title] AND 19[Title] AND patients[Title] AND utilizing[Title] AND rapid[Title] AND antigen[Title] AND tests[Title] AND simulation[Title] AND study[Title] AND using[Title] AND viral[Title] AND dynamics[Title] AND models[Title],PMID:35118478,task6-lineage-active-clean-exact-v2
SEARCH-20260722-LINEAGE-SIMULATION-40,NS-SIMULATION-006,benchmark_metric_and_threshold_development,Benchmark-metric and threshold-development studies,simulation_methods,infectious_application,pubmed,exact_title,Allocating[Title] AND scarce[Title] AND financial[Title] AND resources[Title] AND HIV[Title] AND treatment[Title] AND benchmarking[Title] AND prices[Title] AND antiretroviral[Title] AND medicines[Title] AND Latin[Title] AND America[Title],PMID:22367770,task6-lineage-active-clean-exact-v2
SEARCH-20260722-LINEAGE-SIMULATION-41,NS-SIMULATION-007,bias_adjustment_and_risk_models,Bias-adjustment and risk-estimation methods,simulation_methods,authoritative_candidate,pubmed,exact_title,machine[Title] AND learning[Title] AND approach[Title] AND identifies[Title] AND 5[Title] AND ASA[Title] AND ulcerative[Title] AND colitis[Title] AND being[Title] AND linked[Title] AND higher[Title] AND COVID[Title] AND 19[Title] AND mortality[Title] AND patients[Title] AND IBD[Title],PMID:34389789,task6-lineage-active-clean-exact-v2
SEARCH-20260722-LINEAGE-SIMULATION-42,NS-SIMULATION-007,bias_adjustment_and_risk_models,Bias-adjustment and risk-estimation methods,simulation_methods,authoritative_candidate,pubmed,title_first_author,identifies[Title] AND ulcerative[Title] AND mortality[Title] AND learning[Title] AND Roy[Author],PMID:34389789,task6-lineage-title-author-v3-supplement
SEARCH-20260722-LINEAGE-SIMULATION-47,NS-SIMULATION-011,estimator_operating_characteristics,Estimator operating-characteristic simulation studies,simulation_methods,infectious_application,pubmed,exact_title,HBcrAg[Title] AND predicts[Title] AND hepatocellular[Title] AND carcinoma[Title] AND development[Title] AND analysis[Title] AND using[Title] AND time[Title] AND dependent[Title] AND receiver[Title] AND operating[Title] AND characteristics[Title],PMID:27034253,task6-lineage-active-clean-exact-v2
SEARCH-20260722-LINEAGE-SIMULATION-48,NS-SIMULATION-012,mechanistic_compartmental_models,Mechanistic compartmental transmission models,simulation_methods,authoritative_candidate,pubmed,exact_title,Joint[Title] AND modeling[Title] AND clinical[Title] AND progression[Title] AND biomarkers[Title] AND dynamics[Title] AND using[Title] AND mechanistic[Title] AND model[Title],PMID:20377577,task6-lineage-active-clean-exact-v2
SEARCH-20260722-LINEAGE-SIMULATION-50,NS-SIMULATION-014,microsimulation_decision_analytic_models,Microsimulation and decision-analytic models,simulation_methods,correction,pubmed,exact_title,Correction[Title] AND Effectiveness[Title] AND Secondary[Title] AND Risk[Title] AND Reducing[Title] AND Strategies[Title] AND Patients[Title] AND Unilateral[Title] AND Breast[Title] AND Cancer[Title] AND Pathogenic[Title] AND Variants[Title] AND BRCA1[Title] AND BRCA2[Title] AND Subjected[Title] AND Conserving[Title] AND Surgery[Title] AND Evidence[Title] AND Based[Title] AND Simulation[Title] AND Study[Title],PMID:36928234,task6-lineage-active-clean-exact-v2
SEARCH-20260722-LINEAGE-SIMULATION-54,NS-SIMULATION-017,network_sentinel_optimization_simulation,Network sentinel optimization simulation,simulation_methods,authoritative_candidate,pubmed,exact_title,Optimizing[Title] AND sentinel[Title] AND surveillance[Title] AND temporal[Title] AND network[Title] AND epidemiology[Title],PMID:28684777,task6-lineage-active-clean-exact-v2
SEARCH-20260722-LINEAGE-SIMULATION-56,NS-SIMULATION-019,simulation_methodological_evaluation,Other simulation-based methodological evaluation,simulation_methods,infectious_application,pubmed,exact_title,Donning[Title] AND doffing[Title] AND personal[Title] AND protective[Title] AND equipment[Title] AND health[Title] AND care[Title] AND workers[Title] AND tertiary[Title] AND hospital[Title] AND China[Title] AND simulation[Title] AND study[Title],PMID:37812187,task6-lineage-active-clean-exact-v2
SEARCH-20260722-LINEAGE-SIMULATION-61,NS-SIMULATION-023,simulation_decision_analytic_models,Simulation and decision-analytic models for burden or policy planning,simulation_methods,infectious_application,pubmed,exact_title,cost[Title] AND benefit[Title] AND assessment[Title] AND Salmonella[Title] AND control[Title] AND strategies[Title] AND pigs[Title] AND reared[Title] AND United[Title] AND Kingdom[Title],PMID:30388998,task6-lineage-active-clean-exact-v2
SEARCH-20260722-LINEAGE-SIMULATION-64,NS-SIMULATION-025,simulation_method_comparison,Simulation-based method comparison and benchmarking,simulation_methods,infectious_application,pubmed,exact_title,Assessing[Title] AND performance[Title] AND Portuguese[Title] AND public[Title] AND hospitals[Title] AND before[Title] AND during[Title] AND COVID[Title] AND 19[Title] AND outbreak[Title] AND optimistic[Title] AND pessimistic[Title] AND benchmarking[Title] AND approaches[Title],PMID:39604723,task6-lineage-active-clean-exact-v2
SEARCH-20260722-LINEAGE-SIMULATION-65,NS-SIMULATION-025,simulation_method_comparison,Simulation-based method comparison and benchmarking,simulation_methods,infectious_application,pubmed,title_first_author,benchmarking[Title] AND performance[Title] AND pessimistic[Title] AND Portuguese[Title] AND Vara[Author],PMID:39604723,task6-lineage-title-author-v3-supplement
SEARCH-20260722-LINEAGE-SIMULATION-67,NS-SIMULATION-027,simulation_model_calibration_inference,Simulation-model calibration and inference,simulation_methods,guidance,pubmed,exact_title,Empirically[Title] AND evaluating[Title] AND decision[Title] AND analytic[Title] AND models[Title],PMID:20230547,task6-lineage-active-clean-exact-v2
SEARCH-20260722-LINEAGE-SIMULATION-68,NS-SIMULATION-028,structural_bias_sensitivity_simulation,Structural-bias and quantitative-bias simulation,simulation_methods,authoritative_candidate,pubmed,exact_title,Quantity[Title] AND Versus[Title] AND Quality[Title] AND Survey[Title] AND Experiment[Title] AND Improve[Title] AND Network[Title] AND Scale[Title] AND up[Title] AND Method[Title],PMID:27015875,task6-lineage-active-clean-exact-v2
SEARCH-20260722-LINEAGE-SIMULATION-71,NS-SIMULATION-031,synthetic_data_benchmarking,Synthetic-data and benchmark designs,simulation_methods,implementation,pubmed,exact_title,Benchmark[Title] AND datasets[Title] AND phylogenomic[Title] AND pipeline[Title] AND validation[Title] AND applications[Title] AND foodborne[Title] AND pathogen[Title] AND surveillance[Title],PMID:29372115,task6-lineage-active-clean-exact-v2
SEARCH-20260722-LINEAGE-SIMULATION-72,NS-SIMULATION-032,transmission_burden_simulation_with_reporting_adjustment,Transmission and burden simulation studies with reporting adjustment,simulation_methods,authoritative_candidate,pubmed,exact_title,Impact[Title] AND Key[Title] AND Assumptions[Title] AND About[Title] AND Population[Title] AND Biology[Title] AND Soil[Title] AND Transmitted[Title] AND Helminths[Title] AND Sustainable[Title] AND Control[Title] AND Morbidity[Title],PMID:33906237,task6-lineage-active-clean-exact-v2
SEARCH-20260722-LINEAGE-SIMULATION-73,NS-SIMULATION-032,transmission_burden_simulation_with_reporting_adjustment,Transmission and burden simulation studies with reporting adjustment,simulation_methods,authoritative_candidate,pubmed,title_first_author,Assumptions[Title] AND Transmitted[Title] AND Sustainable[Title] AND Population[Title] AND Vegvari[Author],PMID:33906237,task6-lineage-title-author-v3-supplement
SEARCH-20260722-LINEAGE-SPATIAL-106,NS-SPATIAL-044,spatial_spatiotemporal_transmission_analyses,Spatial and spatiotemporal transmission analyses,spatial_transmission,infectious_application,pubmed,exact_title,Spatial[Title] AND distribution[Title] AND trypanosome[Title] AND infection[Title] AND tsetse[Title] AND flies[Title] AND sleeping[Title] AND sickness[Title] AND focus[Title] AND Zimbabwe[Title] AND Hurungwe[Title] AND District[Title],PMID:27884172,task6-lineage-active-clean-exact-v2
SEARCH-20260722-LINEAGE-SPATIAL-109,NS-SPATIAL-046,spatial_diffusion_models,Spatial diffusion and spread models,spatial_transmission,infectious_application,pubmed,exact_title,Modelling[Title] AND continental[Title] AND scale[Title] AND spread[Title] AND Schmallenberg[Title] AND virus[Title] AND Europe[Title] AND approaches[Title] AND challenges[Title],PMID:24630403,task6-lineage-active-clean-exact-v2
SEARCH-20260722-LINEAGE-SPATIAL-117,NS-SPATIAL-054,spillover_risk_mapping_models,Spatial spillover-risk and hidden-burden models,spatial_transmission,infectious_application,pubmed,exact_title,Risk[Title] AND Mapping[Title] AND African[Title] AND Swine[Title] AND Fever[Title] AND Domestic[Title] AND Pigs[Title] AND Wild[Title] AND Boars[Title] AND Enhance[Title] AND Management[Title] AND Surveillance[Title] AND Asia[Title],PMID:41323145,task6-lineage-active-clean-exact-v2
SEARCH-20260722-LINEAGE-SPATIAL-59,NS-SPATIAL-002,contact_network_models,Contact-network transmission models,spatial_transmission,infectious_application,pubmed,exact_title,Evolutionary[Title] AND dynamics[Title] AND complex[Title] AND networks[Title] AND HIV[Title] AND drug[Title] AND resistant[Title] AND strains[Title] AND case[Title] AND San[Title] AND Francisco[Title],PMID:20075214,task6-lineage-active-clean-exact-v2
SEARCH-20260722-LINEAGE-SPATIAL-64,NS-SPATIAL-007,ecological_niche_species_distribution,Ecological-niche and species-distribution models,spatial_transmission,infectious_application,pubmed,exact_title,Use[Title] AND Spatial[Title] AND Spatiotemporal[Title] AND Modeling[Title] AND Surveillance[Title] AND H5N1[Title] AND Highly[Title] AND Pathogenic[Title] AND Avian[Title] AND Influenza[Title] AND Poultry[Title] AND Middle[Title] AND East[Title],PMID:27309050,task6-lineage-active-clean-exact-v2
SEARCH-20260722-LINEAGE-SPATIAL-66,NS-SPATIAL-009,empirical_spatial_diffusion_analyses,Empirical spatial diffusion and risk-surface analyses,spatial_transmission,infectious_application,pubmed,exact_title,Spatiotemporal[Title] AND Patterns[Title] AND Diffusion[Title] AND 1918[Title] AND Influenza[Title] AND Pandemic[Title] AND British[Title] AND India[Title],PMID:30252017,task6-lineage-active-clean-exact-v2
SEARCH-20260722-LINEAGE-SPATIAL-81,NS-SPATIAL-023,mobility_data_fusion_modeling,Mobility data-fusion modeling,spatial_transmission,authoritative_candidate,pubmed,exact_title,Uncovering[Title] AND latent[Title] AND urban[Title] AND mobility[Title] AND patterns[Title] AND via[Title] AND smart[Title] AND card[Title] AND survey[Title] AND data[Title] AND fusion[Title],PMID:42230614,task6-lineage-active-clean-exact-v2
SEARCH-20260722-LINEAGE-SPATIAL-85,NS-SPATIAL-027,spatial_transmission_models,Other spatial-transmission models,spatial_transmission,authoritative_candidate,pubmed,exact_title,two[Title] AND tiered[Title] AND model[Title] AND simulating[Title] AND ecological[Title] AND evolutionary[Title] AND dynamics[Title] AND rapidly[Title] AND evolving[Title] AND viruses[Title] AND application[Title] AND influenza[Title],PMID:20335193,task6-lineage-active-clean-exact-v2
SEARCH-20260722-LINEAGE-SPATIAL-88,NS-SPATIAL-030,pathogen_population_genomics_within_host_evolution,Pathogen population genomics and within-host evolution,spatial_transmission,infectious_application,pubmed,exact_title,Metapopulation[Title] AND structure[Title] AND Vibrionaceae[Title] AND coastal[Title] AND marine[Title] AND invertebrates[Title],PMID:20819104,task6-lineage-active-clean-exact-v2
SEARCH-20260722-LINEAGE-SPATIAL-99,NS-SPATIAL-039,reaction_diffusion_epidemic_models,Reaction-diffusion epidemic models,spatial_transmission,authoritative_candidate,pubmed,exact_title,Dynamics[Title] AND epidemic[Title] AND model[Title] AND spatial[Title] AND diffusion[Title],PMID:32362717,task6-lineage-active-clean-exact-v2
SEARCH-20260722-LINEAGE-SURVEILLANCE-105,NS-SURVEILLANCE-006,auxiliary_signal_nowcasting,Auxiliary-signal nowcasting,surveillance_measurement,infectious_application,pubmed,exact_title,Web[Title] AND search[Title] AND volume[Title] AND near[Title] AND real[Title] AND time[Title] AND complementary[Title] AND surveillance[Title] AND tool[Title] AND tick[Title] AND borne[Title] AND encephalitis[Title] AND TBE[Title] AND Italy[Title],PMID:38484539,task6-lineage-active-clean-exact-v2
SEARCH-20260722-LINEAGE-SURVEILLANCE-106,NS-SURVEILLANCE-007,burden_estimation_with_underreporting_adjustment,Burden estimation with underreporting adjustment,surveillance_measurement,authoritative_candidate,pubmed,exact_title,Magnitude[Title] AND COVID[Title] AND 19[Title] AND deaths[Title] AND relative[Title] AND other[Title] AND leading[Title] AND causes[Title] AND death[Title] AND global[Title] AND analysis[Title],PMID:36428010,task6-lineage-active-clean-exact-v2
SEARCH-20260722-LINEAGE-SURVEILLANCE-110,NS-SURVEILLANCE-011,capture_recapture,Capture-recapture estimation,surveillance_measurement,authoritative_candidate,pubmed,exact_title,Exposing[Title] AND malaria[Title] AND host[Title] AND diversity[Title] AND estimating[Title] AND population[Title] AND capture[Title] AND recapture[Title] AND using[Title] AND massively[Title] AND parallel[Title] AND pyrosequencing[Title],PMID:21041629,task6-lineage-active-clean-exact-v2
SEARCH-20260722-LINEAGE-SURVEILLANCE-113,NS-SURVEILLANCE-013,hidden_population_capture_recapture,Capture-recapture for hidden-population size estimation,surveillance_measurement,authoritative_candidate,pubmed,exact_title,Estimating[Title] AND Size[Title] AND Hidden[Title] AND Populations[Title] AND Using[Title] AND Respondent[Title] AND driven[Title] AND Sampling[Title] AND Data[Title] AND Case[Title] AND Examples[Title] AND Morocco[Title],PMID:26258908,task6-lineage-active-clean-exact-v2
SEARCH-20260722-LINEAGE-SURVEILLANCE-121,NS-SURVEILLANCE-020,denominator_data_validation_and_sampling,Denominator data validation and sampling,surveillance_measurement,authoritative_candidate,pubmed,exact_title,Estimating[Title] AND central[Title] AND line[Title] AND associated[Title] AND bloodstream[Title] AND infection[Title] AND incidence[Title] AND rates[Title] AND sampling[Title] AND denominator[Title] AND data[Title] AND prospective[Title] AND multicenter[Title] AND evaluation[Title],PMID:26004907,task6-lineage-active-clean-exact-v2
SEARCH-20260722-LINEAGE-SURVEILLANCE-124,NS-SURVEILLANCE-023,denominator_adjusted_surveillance_positivity,Denominator-adjusted surveillance positivity analysis,surveillance_measurement,diagnostic,pubmed,exact_title,Do[Title] AND changes[Title] AND STEC[Title] AND diagnostics[Title] AND mislead[Title] AND interpretation[Title] AND disease[Title] AND surveillance[Title] AND data[Title] AND Switzerland[Title] AND Time[Title] AND trends[Title] AND positivity[Title] AND 2007[Title] AND 2016[Title],PMID:32820716,task6-lineage-active-clean-exact-v2
SEARCH-20260722-LINEAGE-SURVEILLANCE-125,NS-SURVEILLANCE-023,denominator_adjusted_surveillance_positivity,Denominator-adjusted surveillance positivity analysis,surveillance_measurement,diagnostic,pubmed,title_first_author,interpretation[Title] AND surveillance[Title] AND diagnostics[Title] AND Switzerland[Title] AND Fischer[Author],PMID:32820716,task6-lineage-title-author-v3-supplement
SEARCH-20260722-LINEAGE-SURVEILLANCE-127,NS-SURVEILLANCE-025,descriptive_surveillance_pattern_analyses,Descriptive surveillance pattern analyses,surveillance_measurement,infectious_application,pubmed,exact_title,Significant[Title] AND features[Title] AND epidemiology[Title] AND equine[Title] AND influenza[Title] AND New[Title] AND South[Title] AND Wales[Title] AND Australia[Title] AND 2007[Title],PMID:21711291,task6-lineage-active-clean-exact-v2
SEARCH-20260722-LINEAGE-SURVEILLANCE-128,NS-SURVEILLANCE-026,diagnostic_assay_validation_and_yield_comparison,Diagnostic assay validation and yield-comparison studies,surveillance_measurement,authoritative_candidate,pubmed,exact_title,Multicenter[Title] AND benchmarking[Title] AND short[Title] AND long[Title] AND read[Title] AND wet[Title] AND lab[Title] AND protocols[Title] AND clinical[Title] AND viral[Title] AND metagenomics[Title],PMID:38823290,task6-lineage-active-clean-exact-v2
SEARCH-20260722-LINEAGE-SURVEILLANCE-130,NS-SURVEILLANCE-028,diagnostic_latent_class_models,Diagnostic latent-class models without a gold standard,surveillance_measurement,authoritative_candidate,pubmed,exact_title,Estimating[Title] AND proportion[Title] AND pneumonia[Title] AND attributable[Title] AND pneumococcus[Title] AND Kenyan[Title] AND adults[Title] AND latent[Title] AND class[Title] AND analysis[Title],PMID:20562627,task6-lineage-active-clean-exact-v2
SEARCH-20260722-LINEAGE-SURVEILLANCE-147,NS-SURVEILLANCE-041,genomic_sentinel_surveillance,Genomic sentinel surveillance,surveillance_measurement,authoritative_candidate,pubmed,exact_title,Rapid[Title] AND incidence[Title] AND estimation[Title] AND SARS[Title] AND CoV[Title] AND 2[Title] AND genomes[Title] AND reveals[Title] AND decreased[Title] AND case[Title] AND detection[Title] AND Europe[Title] AND during[Title] AND summer[Title] AND 2020[Title],PMID:34650062,task6-lineage-active-clean-exact-v2
SEARCH-20260722-LINEAGE-SURVEILLANCE-148,NS-SURVEILLANCE-041,genomic_sentinel_surveillance,Genomic sentinel surveillance,surveillance_measurement,authoritative_candidate,pubmed,title_first_author,estimation[Title] AND incidence[Title] AND decreased[Title] AND detection[Title] AND Smith[Author],PMID:34650062,task6-lineage-title-author-v3-supplement
SEARCH-20260722-LINEAGE-SURVEILLANCE-175,NS-SURVEILLANCE-066,population_based_incidence_surveillance,Population-based incidence surveillance,surveillance_measurement,infectious_application,pubmed,exact_title,Prospective[Title] AND surveillance[Title] AND invasive[Title] AND fungal[Title] AND infections[Title] AND hematopoietic[Title] AND stem[Title] AND cell[Title] AND transplant[Title] AND recipients[Title] AND 2001[Title] AND 2006[Title] AND overview[Title] AND Associated[Title] AND Infection[Title] AND Network[Title] AND TRANSNET[Title] AND Database[Title],PMID:20218877,task6-lineage-active-clean-exact-v2
SEARCH-20260722-LINEAGE-SURVEILLANCE-194,NS-SURVEILLANCE-083,sentinel_surveillance_system_implementation_evaluation,Sentinel surveillance system implementation and evaluation,surveillance_measurement,authoritative_candidate,pubmed,exact_title,Implementation[Title] AND Evaluation[Title] AND Automated[Title] AND Online[Title] AND Study[Title] AND Recruitment[Title] AND Computerised[Title] AND Medical[Title] AND Records[Title] AND Primary[Title] AND Care[Title] AND Sentinel[Title] AND Surveillance[Title] AND Network[Title],PMID:39575793,task6-lineage-active-clean-exact-v2
